order_id,order_date,ship_country
01GWZ7KEYDDP1GQQVA6P4MW6B9,2021-07-27 22:51:29,Indonesia
01GWZ7KEYGKEVY0B6JENYWMTGM,2020-12-10 02:07:55,China
01GWZ7KEYTW8H1QW319RGTRE0H,2020-06-19 07:35:51,China
01GWZ7KEYV2WVM6PMSJHDHGEFD,2022-07-20 12:43:18,Kazakhstan
01GWZ7KEYYCENEJTKGMGN8CQ3X,2021-09-08 13:07:57,Indonesia
01GWZ7KEZ0AGGX5HVV5T1JR6V2,2022-10-30 08:48:35,Nicaragua
01GWZ7KEZ13P7KYZ5F38037H23,2021-09-17 15:34:46,Venezuela
01GWZ7KEZ3JECT6V8CHHXZJTS8,2020-05-13 14:38:56,Ukraine
01GWZ7KEZ6MXVR99WWZ0R197RA,2022-09-17 19:20:20,French Guiana
01GWZ7KEZ73S4GQ364SEFCM2Z1,2021-09-06 22:37:13,Georgia
01GWZ7KEZ9BG32ZBCT1RAVPWDB,2020-05-05 10:53:28,Syria
01GWZ7KEZBP5F2T6S4C76S7FMJ,2021-06-23 13:02:47,Vietnam
01GWZ7KEZC9K4FHA5CRM8JF9DE,2021-12-17 02:27:19,Gambia
01GWZ7KEZFHB2Y6H49CA8Z9N81,2022-12-26 23:28:04,Guatemala
01GWZ7KEZJQXTNCBV0TM3RZ5PG,2020-06-24 22:13:49,Portugal
01GWZ7KEZKB6WJKEXAEYDB7BP6,2020-08-21 17:53:55,Brazil
01GWZ7KEZN6BE9YC7S40S1MWPA,2020-12-22 00:40:38,China
01GWZ7KEZQBFSDV277HFVQWBJQ,2020-11-10 04:14:18,Georgia
01GWZ7KEZRPWC29NVPFM9B0GHG,2020-03-29 00:05:23,Colombia
01GWZ7KEZVTZX74B6QP0MJVG87,2022-03-14 00:06:17,Sweden
01GWZ7KEZX8S68RJNDYBCK333A,2020-10-17 14:01:06,Japan
01GWZ7KEZYCH48FP3NXBQ8VWV2,2021-09-22 02:49:00,Philippines
01GWZ7KF011E8ACXNXJDXVMTDZ,2021-12-31 02:30:44,Australia
01GWZ7KF04WTFG0Z5MM684XZTZ,2020-07-11 01:54:51,Indonesia
01GWZ7KF04PMTV74AA1809DRAT,2020-05-17 18:11:05,Albania
01GWZ7KF07E00E26G3HZCERZMJ,2022-01-25 22:51:02,Portugal
01GWZ7KF08K0N2MG6XXHB3SCGM,2021-12-02 18:14:05,China
01GWZ7KF0ATNVYXJ7MX6T85RWR,2020-02-01 18:32:11,Macedonia
01GWZ7KF0CD5ENSV1DBG21QQKW,2021-09-23 07:00:50,China
01GWZ7KF0DGW3JZ56A316XT9DN,2021-03-12 05:53:36,China
01GWZ7KF0F2HATFZPZ5HJ4PMCW,2020-01-31 00:47:10,Portugal
01GWZ7KF0JKBJC12RQYR3PN9TM,2022-03-11 15:36:21,Philippines
01GWZ7KF0JFXJVDKS2C8A2NPG5,2020-04-15 07:38:13,Philippines
01GWZ7KF0NHRKBP2W8A4SBF7XY,2020-08-16 04:59:05,Russia
01GWZ7KF0R53XYMJDSMV0ZTJAP,2021-07-09 20:01:06,Greece
01GWZ7KF0SV30J6WM9G0REMP32,2022-02-11 23:40:17,Tunisia
01GWZ7KF0VGZRPWX3NF39TEHMC,2021-08-23 14:16:03,Uruguay
01GWZ7KF0XJM4J93VJA175FMHB,2022-09-17 20:34:11,United States
01GWZ7KF0ZWHSCZY2CKESW4TAV,2021-03-03 03:18:07,Argentina
01GWZ7KF11ENKM3W859YREQG8H,2020-04-28 07:57:29,China
01GWZ7KF1335WH02BWQQP99GBM,2020-01-17 22:04:16,Czech Republic
01GWZ7KF14AEVZAJNBJNCW9VEB,2020-08-30 00:14:51,Portugal
01GWZ7KF16BN74SEQSAG8KNBTS,2022-10-13 23:21:54,Ireland
01GWZ7KF17K9VZCCHRQCPGHNSP,2022-11-28 05:26:16,Portugal
01GWZ7KF19JND4RD2NJ46QBWGA,2021-09-11 20:14:01,Sri Lanka
01GWZ7KF1BVZD76KT5FYE6ZVQ4,2020-03-16 19:39:16,Syria
01GWZ7KF1CWXY1Y7VZYG6ZNSZ3,2020-12-06 10:53:28,Indonesia
01GWZ7KF1E62VT2ZQ79683YJ6X,2021-12-05 22:42:29,Tajikistan
01GWZ7KF1G23A4YTFV26BVE6X5,2021-09-09 09:08:47,Poland
01GWZ7KF1HP65AV3N19RGRZPT8,2022-04-27 21:23:06,Thailand
01GWZ7KF1KW3CZNXWTJGMJS6F5,2023-03-22 22:08:26,Germany
01GWZ7KF1N0MTR88KTRG0KM8HR,2023-02-11 21:53:32,Indonesia
01GWZ7KF1PW68D1VMQ0P74M9DW,2022-11-19 18:45:49,Indonesia
01GWZ7KF1QVQBE2PRC2PTFKB4V,2020-04-12 03:52:06,Canada
01GWZ7KF1SV814XVSRKNVPA0XF,2022-05-29 23:48:27,China
01GWZ7KF1T632KPECMNCJWPN05,2021-05-30 03:16:17,China
01GWZ7KF1WV6QABQM64DQ52HHS,2020-07-20 21:49:47,China
01GWZ7KF1YRES8T664TVB6VADW,2020-08-10 18:12:32,Japan
01GWZ7KF21E9STQP13YXJG3833,2023-03-15 12:41:32,China
01GWZ7KF23TQDY82HJ6ZGJMTD6,2022-11-05 14:04:57,China
01GWZ7KF25JG7GDQ9TQHTBC8C4,2021-01-02 17:10:44,Poland
01GWZ7KF27H6AG5TVXARC34E9V,2021-01-04 02:13:07,Germany
01GWZ7KF28V45QS0QH98R62SMX,2022-11-23 10:41:38,Peru
01GWZ7KF2AFB7MFGQFNZ1AF0MP,2022-06-01 12:50:03,Argentina
01GWZ7KF2CZ0ACEK2F2CXQBH1R,2022-11-09 16:16:40,Czech Republic
01GWZ7KF2DTKFQ9ZQ3H47VJSC4,2020-09-12 11:22:43,China
01GWZ7KF2FV0ANKN0771S4EXXQ,2020-12-04 17:47:08,Poland
01GWZ7KF2HG99WVV5AQMYSTV4N,2020-02-19 01:22:25,Canada
01GWZ7KF2MT2V6ABDJ0AN76YJJ,2020-04-22 19:54:09,Colombia
01GWZ7KF2QN2AQXDCJ5YSYESBH,2021-07-03 23:28:59,Malaysia
01GWZ7KF2RV2CNCEN93RWDDZRT,2020-02-15 17:06:42,Indonesia
01GWZ7KF2TTT204AZWBPE224RF,2021-08-07 08:44:16,China
01GWZ7KF2VET6G5274DGA1K4QB,2023-02-18 07:33:40,Indonesia
01GWZ7KF2XR7MNDSKC4S9N9WMB,2022-09-13 18:02:54,Greece
01GWZ7KF2Z3173K3DGQ6K92G8S,2020-04-27 17:52:21,Indonesia
01GWZ7KF30G9B9BR30HB2J536E,2023-01-06 22:08:15,Niger
01GWZ7KF329AT5SK73HW9MCDBG,2023-02-14 23:40:29,Vietnam
01GWZ7KF347NS54DS36XTKV5AT,2022-02-04 21:34:43,China
01GWZ7KF3646XD467ZA4AENJVX,2020-04-16 23:55:53,China
01GWZ7KF38PB89F0963Q3JH7DA,2022-08-02 18:54:56,Slovenia
01GWZ7KF3A84YYT6QBF78RPFS5,2020-09-26 10:59:09,United States
01GWZ7KF3C9WFF67GT2WKV1F0H,2022-08-14 08:14:07,Brazil
01GWZ7KF3DNXVETM8ENZ503Z7W,2021-12-11 15:21:08,Indonesia
01GWZ7KF3GSFE1AW65JK1DK275,2023-02-28 10:18:37,Serbia
01GWZ7KF3KTES4BVYEP4BRDJQD,2022-09-15 08:46:37,Indonesia
01GWZ7KF3M30AXZN84NSV9RKWF,2023-01-25 12:36:28,Brazil
01GWZ7KF3P9THC757M773Q9QEA,2023-01-03 15:23:01,Poland
01GWZ7KF3PW528SE1WGYAKD41F,2021-09-13 14:31:49,Israel
01GWZ7KF3R7Q5WZETZ23RQ426V,2022-12-20 16:41:39,Portugal
01GWZ7KF3T9ATBR7XWF7C4FTZ3,2022-09-14 02:54:13,Indonesia
01GWZ7KFQ1ND9HHM271KQVHH1J,2020-12-22 20:35:17,Haiti
01GWZ7KFQ4T0X3SGFKQB24NMKZ,2020-08-28 15:57:23,Spain
01GWZ7KFQ5KMZ5H0AKXRSZPJXJ,2021-06-23 09:07:39,China
01GWZ7KFQ65GJDE07TZBEA7T09,2021-07-02 04:39:12,France
01GWZ7KFQ8VQ65S2WVG60VC76W,2022-03-06 05:06:17,Ethiopia
01GWZ7KFQ8F3D1B2MGDRHZFH64,2022-05-11 18:08:57,China
01GWZ7KFQ9S5XYC23EN9ETBVEN,2022-09-07 09:23:37,China
01GWZ7KFQAWAK0HZNXHNV9K62R,2020-02-29 19:39:23,China
01GWZ7KFQBA07Q7NZWA3P6ADX8,2020-09-12 04:23:44,Bosnia and Herzegovina
01GWZ7KFQCNYB7CCZ4ZTSGHK3E,2022-08-15 05:30:28,Russia
01GWZ7KFQD7QKT028M6ZY7Z1WJ,2022-05-06 20:16:11,Indonesia
01GWZ7KFQE4V5HTDPW9QDPW2GK,2022-02-11 19:45:03,Poland
01GWZ7KFQFRFHRY1P81JZSRQ9M,2022-08-06 01:18:25,China
01GWZ7KFQF607VF4JWTJ3XBXNR,2020-02-04 14:49:01,Indonesia
01GWZ7KFQHWP6TTGK6PNSYX8A9,2020-06-29 20:36:21,Czech Republic
01GWZ7KFQJREQ2BNSBRB0Q4AKN,2023-02-18 21:45:35,United States
01GWZ7KFQKVGQ9NJG6DND8A0D5,2020-09-03 00:01:09,France
01GWZ7KFQMNKCW72XFXH2CBJJS,2022-02-25 00:40:22,Indonesia
01GWZ7KFQNKV1SH7TYHVZM3SXA,2021-10-17 12:52:08,Portugal
01GWZ7KFQPPAEDWPCJD75T6TRG,2020-05-27 04:41:11,China
01GWZ7KFQQ22FJMQDJES3DHXCZ,2020-12-31 10:29:18,Ireland
01GWZ7KFQRSJSKSC4PP9S6E69M,2020-05-09 07:16:48,Denmark
01GWZ7KFQSV5NXQ6C7DAGDMH9M,2022-01-04 15:44:46,Panama
01GWZ7KFQTDHZGRPWHQFZTSQR5,2021-01-24 08:50:17,China
01GWZ7KFQV8NABRZ2158Q68MQZ,2020-06-09 12:20:38,South Korea
01GWZ7KFQWF7TCS73FYK887RZP,2020-04-22 08:45:48,Czech Republic
01GWZ7KFQXX0VMJGHYJEEW61RG,2022-05-30 09:09:26,Niger
01GWZ7KFQY3RMJJJJBYD6DTPNS,2021-03-28 05:31:50,Philippines
01GWZ7KFQYMNY06QPYWR7R4RWV,2022-09-09 15:05:34,China
01GWZ7KFQZFN643G2NWXD7G6QE,2022-10-31 12:47:22,Indonesia
01GWZ7KFR0TYS9G8AXZSJCW6TT,2021-11-28 12:26:00,Brazil
01GWZ7KFR1ECD0345VCPNN9VBC,2022-03-17 18:19:51,Panama
01GWZ7KFR22NE0Z7CE8PN5ZZRB,2023-01-20 00:53:26,China
01GWZ7KFR3E26D4R1SPPAQ3H09,2023-02-21 12:58:27,Indonesia
01GWZ7KFR36Q5DVE04VG5JM1TS,2021-09-24 00:04:00,Niger
01GWZ7KFR5PQG22J2GB0JBYPY2,2020-02-11 06:18:19,Indonesia
01GWZ7KFR6H6V7X3QAS0RFBRCV,2020-04-29 03:16:46,Philippines
01GWZ7KFR7YV2QTB77D2RDSZZ0,2020-10-29 15:30:59,China
01GWZ7KFR8ZK8M2KKTX22A1WS2,2020-06-23 18:05:10,China
01GWZ7KFR8GVVQTMJ3CGTNMZ8Q,2023-01-29 13:25:47,South Africa
01GWZ7KFR91E1WKTZW1FJ773PT,2021-07-17 15:32:50,Czech Republic
01GWZ7KFRA7SCEPJPBZXX5RKKC,2023-03-11 22:57:48,Iran
01GWZ7KFRBJBPNEWQVHHQJBV5P,2021-04-26 04:52:46,Canada
01GWZ7KFRC2PKYB5FF3T397G90,2022-12-07 00:03:50,Indonesia
01GWZ7KFRCX1XRVFNRRA2TBE99,2022-01-15 05:06:31,Brazil
01GWZ7KFRDX7XDCNH4Q9P6AGAN,2021-04-13 04:11:32,Iran
01GWZ7KFRET60NFPF9R54YQNP3,2021-08-15 23:48:36,Czech Republic
01GWZ7KFRFJJSZR55VVGD1Y16M,2023-02-25 01:33:47,Luxembourg
01GWZ7KFRGGVM07DWSDGNDTRTD,2020-03-31 08:07:13,Mexico
01GWZ7KFRH0YZS9N13CK0XS8ZQ,2021-06-20 13:09:30,China
01GWZ7KFRHHH2CRPE5H901J79F,2020-10-02 15:46:43,Germany
01GWZ7KFRJX77KTWFHSMXQCEQY,2020-02-11 23:09:53,Indonesia
01GWZ7KFRKZ06JKXNPGHSJD1E9,2023-02-11 06:54:11,China
01GWZ7KFRMNYF5EEQ3NZZWVC9A,2021-03-23 08:35:43,Indonesia
01GWZ7KFRNEXWDWHH6V5E4X8D8,2020-03-06 04:02:56,Portugal
01GWZ7KFRPB6YB3VVTHDXTF6DQ,2021-08-25 05:25:40,Philippines
01GWZ7KFRQ5EZT5FBPH902YT24,2022-06-11 17:59:36,Indonesia
01GWZ7KFRRZBZ4QYS7YTNRNAS9,2020-08-03 09:50:04,Philippines
01GWZ7KFRSXZW8E6JVC2BQRB4V,2023-03-18 14:53:43,Philippines
01GWZ7KFRTZQCAANTJAXSCM2V6,2023-03-10 18:25:20,China
01GWZ7KFRVHYF0BK54ZWNM7Z72,2022-09-13 05:16:42,Brazil
01GWZ7KFRVQCZ6A45X06RPZ3TE,2022-08-16 02:54:08,China
01GWZ7KFRWSXD0VKEBGRCX5WTY,2022-01-13 17:22:56,Sudan
01GWZ7KFRXYSE8MG53X0RR0XAP,2022-07-02 14:58:06,Indonesia
01GWZ7KFRYRYSAE1ZHSP76WVSP,2022-02-22 16:03:27,Thailand
01GWZ7KFRYHY7GMQFBFZKZJ365,2021-12-16 08:27:29,Brazil
01GWZ7KFS07QDWEZ7DJ0KGSNR6,2021-05-09 04:44:00,Bulgaria
01GWZ7KFS151KA0ERM1PSYTSTN,2020-03-26 06:33:26,Greece
01GWZ7KFS3B85TQS5Z6N0JVXMH,2020-10-28 12:19:45,China
01GWZ7KFS46A6DFYXC2BTVRZG5,2023-03-21 11:49:36,Luxembourg
01GWZ7KFS6HTCYZ658EG5XG57Z,2020-02-13 01:50:51,Brazil
01GWZ7KFS7AXH88WJP45GM71KP,2021-04-27 11:45:11,Mongolia
01GWZ7KFS89QK78M434Y6PD4MB,2022-10-10 05:42:32,Russia
01GWZ7KFS80DG6VET1KX7671Q0,2020-10-24 17:45:33,Canada
01GWZ7KFSADY21JHNYR56HZWDV,2022-12-07 10:34:30,Indonesia
01GWZ7KFSA9EVB5FTZ2T6VSXH4,2021-05-09 13:58:02,China
01GWZ7KFSCPYB5GMF1A5HJ1EAF,2020-08-10 07:08:45,Indonesia
01GWZ7KFSDA4RXYGHFWAFTCGMS,2020-08-09 03:53:01,Indonesia
01GWZ7KFSFNN8EWKSXV4AHMSZC,2020-02-29 09:26:48,Indonesia
01GWZ7KFSG5TXZ32JX4DQNBMG5,2023-02-06 18:34:36,Palestinian Territory
01GWZ7KFSJNH9W81M64Z1JVBC7,2022-01-13 14:19:50,Uruguay
01GWZ7KFSKDEXNFYAGY771CY2W,2021-09-24 00:44:26,China
01GWZ7KFSNEJJSJ73S8T2SDQSN,2022-09-29 09:22:03,Macedonia
01GWZ7KFSPHKVYTRRGCAHPQWQT,2021-06-06 08:21:01,Indonesia
01GWZ7KFSR5YW4K2TXJVNQ3240,2020-08-10 21:08:32,Canada
01GWZ7KFSSYW3WXEHF74AMP3MY,2021-01-31 07:30:43,Philippines
01GWZ7KFSTPP4DY06ABXG5YWPM,2022-09-19 16:26:35,Poland
01GWZ7KFSVFWQHFAVVVTKGN6YS,2020-12-14 13:29:28,France
01GWZ7KFSVWAQK0Z23HHR0CYHR,2020-07-31 20:47:14,Mali
01GWZ7KFSWPM8098MJJP09VX79,2022-04-25 15:06:00,China
01GWZ7KFSXJP38AN9XDR85AEFM,2020-04-26 09:08:02,Brazil
01GWZ7KFSY6NJ2G7ZS7ZRKR568,2020-03-24 12:11:33,Ukraine
01GWZ7KFSY066J6QFAH9PSGTZ9,2021-04-09 01:18:31,China
01GWZ7KFSZZQX5BWEG4VXQHBTW,2020-03-01 08:30:08,China
01GWZ7KFT0GQ0MY1NAWM7ZM3KZ,2021-07-31 18:50:49,Indonesia
01GWZ7KFT1F1FFQ4ZVJW0BBD1N,2022-06-02 05:43:40,Indonesia
01GWZ7KFT197VZAE3N8KV035A8,2020-09-17 19:31:42,United States
01GWZ7KFT29NWQHY5TH0VPRRM0,2022-07-19 04:10:44,Brazil
01GWZ7KFT3SY0N1X2RXN7C6916,2020-03-22 02:02:24,Democratic Republic of the Congo
01GWZ7KFT4HVF24JJJG2EVGVHD,2020-01-25 05:58:40,China
01GWZ7KFT4A9EZ6AYMHABF11N0,2021-02-10 07:16:52,Philippines
01GWZ7KFT5K30SXMED650DFDFV,2022-04-27 18:05:05,Japan
01GWZ7KFT6250W0HR2XSJHN6RZ,2021-06-30 05:39:04,Ukraine
01GWZ7KFT7C0FT27FW54VX32CH,2022-04-17 05:18:38,Bosnia and Herzegovina
01GWZ7KFT7S00EG5D55H3K2FV2,2022-08-17 03:56:16,Greece
01GWZ7KFT8EXJHF15KXATYR6B3,2021-10-04 02:01:41,Mongolia
01GWZ7KFT9MXVX829CN3R8G5EN,2022-08-24 19:21:04,Philippines
01GWZ7KFTA6NENS7PNVB091RHW,2021-03-19 23:23:24,France
01GWZ7KFTAVSN3KMPS4BMSVH5K,2022-09-25 20:53:27,Slovenia
01GWZ7KFTB6QX1G9C95JH8PG1X,2021-03-10 01:59:02,China
01GWZ7KFTCH3CAT83CDQM6KSS5,2021-04-20 18:09:29,Philippines
01GWZ7KFTCPMJPEBBHK0XGEBQF,2021-04-02 22:56:06,Pakistan
01GWZ7KFTDCPYM1BZBF66Z6EWH,2022-01-11 14:25:38,Brazil
01GWZ7KFTE1Z76DZ8FPR0Z0RQM,2022-11-26 10:36:56,Argentina
01GWZ7KFTFQW9DXKE75D0AGTNP,2020-02-10 23:00:56,Chile
01GWZ7KFTFDKJ8PYV8R6ERGZ5X,2021-10-01 23:27:49,Portugal
01GWZ7KFTGQ0YSX2BDW9CZ6SG5,2021-04-03 13:39:59,Russia
01GWZ7KFTH7WM6HVXKQ4PK87CB,2021-08-25 01:57:12,Portugal
01GWZ7KFTH9QXKNTJPEBAEFFMW,2020-05-05 15:39:09,Ukraine
01GWZ7KFTJ906TD6YCKES4TAE7,2023-02-22 14:35:34,Indonesia
01GWZ7KFTKGRQE61EP93HZZ3AP,2020-03-24 12:43:22,Ukraine
01GWZ7KFTMM6D7DY18GRC0T10B,2021-02-13 15:51:09,Poland
01GWZ7KFTMXSJ3A9Z5E8Y46WRF,2023-02-27 11:51:07,Indonesia
01GWZ7KFTNMAZRZ6JY467JDR0C,2020-01-03 14:28:49,Peru
01GWZ7KFTPDV5YPTAJ3FNH0EYB,2020-11-16 19:47:53,Bolivia
01GWZ7KFTP8TR8RY9HW3P69RMM,2021-07-08 19:49:45,Russia
01GWZ7KFTQGJYB32EX730FRF2Y,2022-08-28 14:16:46,Kazakhstan
01GWZ7KFTRMDW1W90NG550W092,2020-06-02 10:07:45,China
01GWZ7KFTR9S69N4GV4BWAER6X,2020-10-11 03:35:12,China
01GWZ7KFTSJE32CRSKT4FEMV9T,2022-01-30 12:56:55,Russia
01GWZ7KFTTV81XGR0PGCZN1SC0,2021-09-08 23:31:18,Peru
01GWZ7KFTVV4MCX8VC3VSYPWGD,2023-03-16 16:13:10,China
01GWZ7KFTV5ERMHBN8D5E0N106,2020-03-09 09:58:41,Greece
01GWZ7KFTW8BPMG5R1A8BYB9R9,2020-03-11 04:42:53,Finland
01GWZ7KFTXQP6V2A1571YVNBT6,2022-02-13 21:49:35,Equatorial Guinea
01GWZ7KFTY2C3TD8BE7X8NCE2G,2020-10-15 07:45:24,United States
01GWZ7KFTYBAEXEK0FB9F4JXZ4,2022-06-13 16:22:13,Bosnia and Herzegovina
01GWZ7KFTZAXME025DXB8NYZ5E,2020-03-12 18:04:38,Mongolia
01GWZ7KFV0MKPMWFTVTRT17XYP,2021-06-24 01:25:25,China
01GWZ7KFV1MJPQZ68N9B79GN80,2021-03-29 17:39:12,Peru
01GWZ7KFV1W0XVMWJYJSRS42NB,2022-07-29 06:45:32,Mexico
01GWZ7KFV2ZB9247D7713H08F2,2020-08-03 22:54:42,Cuba
01GWZ7KFV3Z40DWHK4F4B1X7MH,2022-03-30 17:06:04,United States
01GWZ7KFV31GVAVWWTWBW1QDE9,2022-05-24 05:05:02,Russia
01GWZ7KFV4C48TW750JBNK5MTT,2022-10-06 03:42:49,United States
01GWZ7KFV5R52X0J06QNM4DP7S,2021-08-17 18:22:02,Turkmenistan
01GWZ7KFV6262QBC7VMHKYD4X5,2020-11-08 12:45:54,France
01GWZ7KFV6V8C1XRK4DJB7BHZ0,2022-09-08 03:57:21,Poland
01GWZ7KFV7RNE8DYVNWWHRNH0H,2021-03-19 14:54:53,Indonesia
01GWZ7KFV84S0C4H5GG8M9MW3T,2021-10-28 04:11:36,Brazil
01GWZ7KFV8G2S6GZEAM3BB3N9P,2020-03-08 01:43:19,Syria
01GWZ7KFV9GCN3M3G7VGBRKXY4,2021-08-01 14:55:39,France
01GWZ7KFVAFNQANKNAS3YKGMVD,2020-10-20 21:38:47,Armenia
01GWZ7KFVBDZSHQMQ7QPT625B8,2021-03-27 03:00:09,Bulgaria
01GWZ7KFVB0Y7FNZAZZ5CD8PHD,2022-10-06 06:34:45,Brazil
01GWZ7KFVC0A3JHC5KQ0J7Z60K,2020-09-12 15:32:44,Brazil
01GWZ7KFVDJ31CKEXFS5B9F5JF,2021-04-20 08:01:36,Ukraine
01GWZ7KFVEDJ22JWEG7VF5YAA1,2022-08-06 10:58:51,Guyana
01GWZ7KFVFZK4XF1QFWW4VFG8R,2020-06-02 17:40:32,Philippines
01GWZ7KFVH43J6QRJ89P1HMSS8,2020-02-22 12:17:05,Nigeria
01GWZ7KFVJCHTB2XW0EB22B0Q1,2022-02-23 05:18:28,China
01GWZ7KFVKAACQRB8MQK0CCY9J,2021-08-04 10:56:28,China
01GWZ7KFVK1326PR47YC9BS2F3,2022-07-22 09:11:46,China
01GWZ7KFVM2ST0NPQ45E0ZR65N,2020-05-19 09:44:58,Iraq
01GWZ7KFVNYMRFAW9YAQ192KZZ,2022-09-21 14:05:53,Kazakhstan
01GWZ7KFVP0PYQSR9Z7HR8CK96,2021-12-02 13:52:15,Russia
01GWZ7KFVPHN6QYB8QERC2R1JC,2020-07-07 08:31:39,Sweden
01GWZ7KFVQA3KSFV7PWE3GZ25W,2021-10-23 20:57:22,Bosnia and Herzegovina
01GWZ7KFVRE3XWF4STZWTS0FZ8,2021-05-19 01:41:40,Indonesia
01GWZ7KFVSYHQK36413W8XPT4N,2021-05-15 12:29:32,Indonesia
01GWZ7KFVSRGBN7H469H98ZTB0,2021-01-17 07:19:33,China
01GWZ7KFVTXW7J0HJYSWNP3J3F,2022-06-02 11:21:00,Slovenia
01GWZ7KFVVMZEKVNV8235JRYS0,2020-05-14 06:38:31,China
01GWZ7KFVWBKWGTXA3Z0V5EJME,2020-07-04 23:12:02,Malta
01GWZ7KFVXTMF6D8EZTNR5KCWV,2022-08-03 02:18:25,Canada
01GWZ7KFVXGXET2Z0PMKJ6KJQ4,2020-02-16 08:19:49,China
01GWZ7KFVZPESY6RB647WD3GF4,2020-05-02 09:00:51,Indonesia
01GWZ7KFW0A3QK7RT328SFM8HC,2022-11-02 01:52:15,Azerbaijan
01GWZ7KFW268GR8X730D5ANKE8,2023-02-06 22:47:51,Peru
01GWZ7KFW2QD5P4W94GEWVE4A3,2022-06-16 18:46:41,China
01GWZ7KFW3CJFRQ1A1S519JM19,2020-02-24 15:17:50,United States
01GWZ7KFW44E5WZTB7P5J9DET8,2021-10-19 12:13:39,Brazil
01GWZ7KFW4TQVFYMBZYR3G8K96,2020-12-28 19:23:25,Afghanistan
01GWZ7KFW5ZPWSYR0XXSCRX6EE,2022-03-12 17:55:51,Pakistan
01GWZ7KFW65S36H2X1D8X6NVXD,2021-12-29 12:18:35,China
01GWZ7KFW7EDQBWBSC0SZ0RFDY,2023-01-09 01:48:05,Guinea-Bissau
01GWZ7KFW7PAQPX24BEWGC309N,2021-04-03 09:25:59,Turkmenistan
01GWZ7KFW8VF8K62DGQN4AR0NW,2020-11-07 18:02:32,China
01GWZ7KFW9VAD7WG815410Y7PG,2022-04-24 04:42:30,Czech Republic
01GWZ7KFWA6ABSYQ0X0DD0C0MQ,2022-08-23 09:59:50,Indonesia
01GWZ7KFWAW0MH45TT6QNSWZND,2022-10-23 10:22:41,China
01GWZ7KFWBAX0BJAP73Q560AM1,2020-08-24 13:28:53,Ivory Coast
01GWZ7KFWC2Y67GS1X032Z8KBR,2022-06-24 13:49:22,Russia
01GWZ7KFWDK1A6N8V5TPSJ221Z,2022-09-04 12:00:52,France
01GWZ7KFWD51EYM62T8J16MWK9,2022-10-14 12:49:35,Philippines
01GWZ7KFWEQDERBXPNQ2YMAC17,2022-12-08 01:17:13,South Africa
01GWZ7KFWF1VRC6GDS50TDYY3D,2021-01-05 15:42:48,Nigeria
01GWZ7KFWGZ2K16KVYHTRSG6RJ,2022-02-25 00:01:53,Portugal
01GWZ7KFWGSAT7BKQ682B60KT0,2020-01-18 18:29:46,Philippines
01GWZ7KFWHJG1V35VXRBV21J20,2022-06-05 04:53:10,China
01GWZ7KFWKS92A0W8SD875DVC9,2022-02-11 21:03:24,Portugal
01GWZ7KFWMN4M4JG84G2G27J4Y,2022-02-17 08:38:59,Kazakhstan
01GWZ7KFWN3AS1PVH2A5P7NEM4,2021-08-22 03:26:14,China
01GWZ7KFWPXM4N0E6PFDDETQTD,2022-08-08 17:27:13,Argentina
01GWZ7KFWQ8Y2ZPPB0K3A0TRBT,2020-02-29 09:53:08,Guam
01GWZ7KFWRF0F5S8EH5VHRD1EF,2020-02-03 19:07:12,Brazil
01GWZ7KFWRFKSQ5XP86P4VNDBV,2021-09-02 12:02:48,Russia
01GWZ7KFWSK4KKDMY7JREA0JRX,2022-06-27 09:31:20,Russia
01GWZ7KFWTCH1WXGNBJCJM6VFY,2020-06-25 16:24:32,Japan
01GWZ7KFWVR7S8J17B9ADMMW82,2022-10-11 19:19:19,Mexico
01GWZ7KFWVZSKTRQNQXB7C7S4H,2020-10-01 20:16:05,Peru
01GWZ7KFWWCGDVAQ44BKBGY16D,2021-06-07 05:15:23,Sweden
01GWZ7KFWXA5B5AXM0965KZFAK,2022-10-07 00:18:46,North Korea
01GWZ7KFWYMD90K5RRN0J4KWF2,2022-08-07 13:27:59,Russia
01GWZ7KFWY4623EXKKDAE51YHK,2020-08-13 21:48:56,China
01GWZ7KFWZEBPMCRTJVWMT7K7W,2021-02-12 00:42:55,Portugal
01GWZ7KFX02C0549Q458CMNQPS,2021-08-20 16:44:38,Poland
01GWZ7KFX15HX5JMM31QXCJ5TG,2023-03-09 13:46:51,China
01GWZ7KFX23SNNKA3P56R9QFWB,2021-05-28 04:33:09,Indonesia
01GWZ7KFX3GEFD0SMY8R9JDF4M,2023-02-04 23:15:17,China
01GWZ7KFX3EQ3X7838S4HXQJF8,2020-07-30 08:47:10,Indonesia
01GWZ7KFX48ZEM3YD8JQJM7NSV,2020-06-10 06:39:39,Philippines
01GWZ7KFX51TZGAKAWEK38A6HK,2022-05-19 22:12:45,New Zealand
01GWZ7KFX63409J1QD6X86SPXW,2020-05-17 20:40:40,Mexico
01GWZ7KFX6ZTFFRESP0K8P2X7D,2021-03-31 18:25:10,Indonesia
01GWZ7KFX7PSYEFB19T18RYJJ0,2020-01-15 17:03:00,Zambia
01GWZ7KFX83Y88PN93Z80YSN4F,2020-10-25 19:19:37,Czech Republic
01GWZ7KFX8Y8230175ZPCRPMXC,2022-08-18 10:42:54,Philippines
01GWZ7KFX93KZ8ZCN59D7MBEDC,2022-06-13 22:31:38,China
01GWZ7KFXAF4NTMWQT4GCRS849,2022-10-09 10:31:41,Indonesia
01GWZ7KFXBMGBEVSAY0WCKCKRK,2023-03-09 20:42:41,United States
01GWZ7KFXBBZQ161A16NRBWDWS,2020-06-16 22:34:01,China
01GWZ7KFXCHSKXCWWQEPDQ389H,2022-11-09 18:40:56,Thailand
01GWZ7KFXDS9VR57Z7WS4JB044,2020-08-05 20:44:00,Japan
01GWZ7KFXDZA1CSTJP33XJEB14,2022-11-16 11:37:02,China
01GWZ7KFXEAGYM0D6XWGXP12Z7,2021-03-03 23:21:45,Armenia
01GWZ7KFXFVWS16DNR9YT0RD4H,2022-09-24 14:28:56,New Zealand
01GWZ7KFXGSDDS655JPCHESYX8,2021-06-18 19:39:17,France
01GWZ7KFXGTTNHS3J6AR7EB1ZW,2021-07-17 21:25:00,Colombia
01GWZ7KFXHT8TC2XAWKZ669Z97,2023-01-30 07:59:44,Brazil
01GWZ7KFXJB4NTRFWMTEDZWQQ9,2023-02-05 22:25:45,Czech Republic
01GWZ7KFXJ6J04SK53GZ9HY088,2022-12-18 20:11:47,Senegal
01GWZ7KFXKK3NWD8VW2E3M735D,2021-08-18 03:59:26,Ukraine
01GWZ7KFXMXQYSR2YGPM4BSDAS,2020-09-29 04:53:08,South Africa
01GWZ7KFXNS952DZ0QPF2DNP38,2020-03-26 08:04:45,Sweden
01GWZ7KFXPKXXK8B1C631KY794,2021-03-13 01:21:13,France
01GWZ7KFXPDRCDFAGMTHQJ8BVP,2021-04-10 00:41:03,Syria
01GWZ7KFXQ6P8ET0HHFZGNKX8B,2021-07-06 09:53:58,Portugal
01GWZ7KFXRDBC9N7BKVCZXT2GY,2022-11-25 11:38:40,Nigeria
01GWZ7KFXS27H0JYZMAP5STT26,2020-05-20 05:00:40,Poland
01GWZ7KFXS9E0R8YHCDAFDQ0NA,2023-03-29 03:06:30,Morocco
01GWZ7KFXTMZK9TVMQAEX87BAK,2021-06-03 18:49:11,China
01GWZ7KFXVC56W5ND0TN3VH4XZ,2021-02-17 15:47:39,Croatia
01GWZ7KFXW9V80A2GY8Z0W00RS,2020-03-01 01:38:25,Libya
01GWZ7KFXWJ9A98BEJN6ZVFDXG,2021-04-22 20:28:01,Colombia
01GWZ7KFXXP3VSN6PD9X4KVHE8,2020-10-13 21:58:42,China
01GWZ7KFXYAFFGRNCFXSMD1A4B,2020-07-17 12:08:28,China
01GWZ7KFXYDF67SMAP5WEHT8FN,2021-01-09 18:22:33,China
01GWZ7KFXZ31Y5M6PN4ASBCE7D,2020-10-10 01:52:20,China
01GWZ7KFY0JS402TK722CTPS5M,2022-05-31 08:19:55,Indonesia
01GWZ7KFY14136T2EEVVQXS7GM,2021-06-22 18:42:05,China
01GWZ7KFY1S5JP0GJYQWZX665N,2022-10-20 16:10:53,France
01GWZ7KFY20ACJVP1GG7MGR24P,2020-08-15 02:41:00,China
01GWZ7KFY38WT8QC20TNNV6VMV,2020-04-14 08:28:02,Poland
01GWZ7KFY4QJZHRQWMJDM10MRD,2020-03-08 04:10:50,Indonesia
01GWZ7KFY4DWV42XNX6T6YYDE8,2021-08-12 14:05:02,China
01GWZ7KFY5P99H2XG6FB8NH8HG,2022-05-18 10:09:34,China
01GWZ7KFY669ZAMTJJ5D6RZF3M,2021-12-21 15:56:10,France
01GWZ7KFY77XBXBZYRX11BMY9G,2021-10-04 06:25:24,Philippines
01GWZ7KFY8GQSM430ZV13Z4E7F,2020-10-09 23:47:55,France
01GWZ7KFY8FD1GFGGJWAE6PW6F,2021-04-22 04:52:24,Cayman Islands
01GWZ7KFY99SE7BAJ7FH54R30E,2021-04-28 17:15:10,Czech Republic
01GWZ7KFYAQ8B1G141YKNM913T,2020-05-31 14:41:17,China
01GWZ7KFYBCGTP0E9WKGNZTRGF,2023-03-22 18:23:26,China
01GWZ7KFYB7B28X2BEJXYW10FW,2022-03-04 23:54:46,China
01GWZ7KFYDW48F70P7M7MXP4B6,2021-04-08 17:50:54,Russia
01GWZ7KFYEXRB2921AXQDMSYFP,2020-04-18 07:23:41,Indonesia
01GWZ7KFYG4CDRWNBRAS1DCC3S,2022-07-11 00:16:41,Portugal
01GWZ7KFYHM79CTVYNVFBH4P9S,2021-06-24 10:41:40,Czech Republic
01GWZ7KFYKZ5XKR60SWFDKPK97,2020-07-02 15:11:41,Philippines
01GWZ7KFYKYH5JGN340C0RE6NE,2020-04-23 08:36:30,Mexico
01GWZ7KFYMGY4CD209N81QN31R,2020-02-24 02:51:26,Gambia
01GWZ7KFYNF437KGYR9XCBGRTD,2020-01-14 01:53:39,Germany
01GWZ7KFYPTE6925GVSVXHFZP3,2022-03-22 01:05:07,Russia
01GWZ7KFYP5NSSRXRKBDFR01K0,2021-03-22 08:10:16,Japan
01GWZ7KFYQHWXH77H6QC1AVA0T,2020-12-28 18:04:18,China
01GWZ7KFYR4YWGN0GXFZWBNXY8,2020-08-15 13:30:26,Indonesia
01GWZ7KFYSMDXQATSV694KXBEX,2020-04-27 13:35:36,Philippines
01GWZ7KFYTHKS3MRAZMSW8C6BD,2022-06-11 18:32:47,Turkmenistan
01GWZ7KFYV7X93K7PJ0YJKZSWD,2021-01-26 01:19:50,Indonesia
01GWZ7KFYXPFB7ZWY037MP1RBN,2020-09-04 14:14:00,Malaysia
01GWZ7KFYYDEXWQ9VPD4DF9K9A,2020-03-03 19:50:26,Ireland
01GWZ7KFYZXA7YAWENGPYQW6Y4,2021-10-08 15:20:36,Brazil
01GWZ7KFZ01R5G2N154M5KFZ75,2022-01-18 01:03:22,China
01GWZ7KFZ184RN4XTSBXTCDBXR,2022-02-27 14:05:13,Sweden
01GWZ7KFZ1EEGVM6T6GNA5R1ST,2022-12-05 09:02:54,Japan
01GWZ7KFZ28D5Q5TQKC5V7QF5H,2022-05-08 15:08:45,China
01GWZ7KFZ3FHE3BEACEYD0PAK5,2021-05-23 15:29:46,Peru
01GWZ7KFZ4BFQS1K0KHHPK7VAS,2021-03-14 04:39:19,China
01GWZ7KFZ4QYGCF4F78CM1MN2J,2020-07-22 16:32:08,Portugal
01GWZ7KFZ5T2EQV96H9HSPXMQ5,2021-03-20 00:47:31,Comoros
01GWZ7KFZ6CM88BGW1TSPN4SKB,2020-11-10 06:58:08,Dominica
01GWZ7KFZ7W4G54P2JF4E01372,2022-04-11 01:34:36,Malaysia
01GWZ7KFZ7ZXCDZPJZXZ6DDHQH,2021-06-08 20:36:40,Russia
01GWZ7KFZ87929FKEP8B4XF8R8,2020-08-16 21:03:33,Indonesia
01GWZ7KFZ9BZ77KXYCW9FKTEW0,2023-03-27 18:28:04,France
01GWZ7KFZA1W98DP135YH7D2VZ,2021-08-15 14:43:23,Brazil
01GWZ7KFZA3HXC8E9ZRDGTKB83,2021-07-16 19:46:53,China
01GWZ7KFZB9N2D5T9WXWE498QV,2022-03-07 15:55:36,Peru
01GWZ7KFZC6VJMZF7TK30H7SK9,2020-02-14 18:31:51,United States
01GWZ7KFZDBCN38C51ZD14F5MD,2020-07-14 00:26:01,Indonesia
01GWZ7KFZDVMXAG36YKTJAGARB,2021-08-14 18:12:17,Mexico
01GWZ7KFZE5DAAD54VVQGHQPH2,2022-12-05 17:52:32,China
01GWZ7KFZFX019GG7PQ79MATYB,2020-12-14 13:02:05,Argentina
01GWZ7KFZGSTHJ89KFNEV9VS2F,2021-09-27 07:13:57,Colombia
01GWZ7KFZGQXRMG1GSTHCJZCMJ,2021-05-05 16:03:59,Ukraine
01GWZ7KFZH7Z2M598CEAFXZVEH,2021-11-04 05:21:25,Portugal
01GWZ7KFZJP3CKYGTXDYX5ZHRS,2023-03-27 16:42:31,Uzbekistan
01GWZ7KFZJQVYHX7NZX9CH4Q7A,2022-07-14 21:33:40,Ivory Coast
01GWZ7KFZK6HAQBW8FTTGJTF14,2020-03-06 15:45:21,Moldova
01GWZ7KFZKW7HM1B00EW1GNX8R,2023-01-21 20:05:14,China
01GWZ7KFZMPPD1BDYTP54QREK5,2021-08-20 06:57:51,Iraq
01GWZ7KFZNPCBE5D394WZWNY0A,2022-08-19 22:43:05,Brazil
01GWZ7KFZN0XBS8G42JQRC4TNC,2020-10-30 00:21:10,Poland
01GWZ7KFZPH2CG139K2HF068Z3,2020-03-18 23:40:09,Sudan
01GWZ7KFZQW89S1QB4G7Y30226,2022-06-23 00:52:27,Japan
01GWZ7KFZQ0VCTM54XWSDXHEE9,2023-03-02 08:59:26,Ukraine
01GWZ7KG0M5GATJMDDMXHRJMF8,2020-01-04 13:22:32,China
01GWZ7KG0NCJTMSDZ03DHNBZC9,2020-07-16 13:50:27,France
01GWZ7KG0QFP5K3NZYMBB0NBQT,2020-08-30 18:43:32,Russia
01GWZ7KG0R6A0GMXPSDD37FQQ4,2023-02-24 16:21:30,Palestinian Territory
01GWZ7KG0TBF78HZ1YV2PKJ00V,2022-11-30 05:28:03,Colombia
01GWZ7KG0VCWF5EGT8G432DWV1,2020-01-06 10:14:24,Ukraine
01GWZ7KG0X0Q9CZVEQVS312JNQ,2020-11-22 03:05:10,Russia
01GWZ7KG0YRN2BXW3AFSVJ605N,2023-02-18 13:00:40,Poland
01GWZ7KG10XN4K2YE5Q5D05HQP,2020-08-25 15:04:54,China
01GWZ7KG11RKA50F390AF15HYJ,2021-09-28 23:33:35,Russia
01GWZ7KG13DF5E514TQXPPVNV7,2022-08-16 10:54:39,Indonesia
01GWZ7KG142G75P0KR2MSMT5W6,2021-04-23 13:15:04,Indonesia
01GWZ7KG15MPNYFBCK1FT9W7QM,2022-07-12 08:11:59,Macedonia
01GWZ7KG17GXVKKS6GZ5PTMV38,2021-06-29 08:22:19,Indonesia
01GWZ7KG18RJEKQ8ZKBZDZ85KG,2021-07-02 01:23:30,Sweden
01GWZ7KG19X5A39H0RC29AAH4X,2020-05-21 03:19:40,Thailand
01GWZ7KG1BEQQEJYTBEZBAHATF,2021-03-30 04:31:31,Nigeria
01GWZ7KG1DZG0ZSR5RBTCZS6CY,2020-08-21 05:41:03,Czech Republic
01GWZ7KG1EYAP9Y1YS73ZD0Z8X,2023-02-05 14:36:38,Philippines
01GWZ7KG1G7CBESXRWVGQ88XEH,2020-03-13 21:31:29,Belarus
01GWZ7KG1H3XSJW9RGXTBBN128,2022-01-26 12:21:08,Russia
01GWZ7KG1K0S84VS96GNQFJ2TG,2022-11-15 10:13:38,Indonesia
01GWZ7KG1NH6FXSF60PYTZQPQ1,2020-07-03 19:02:07,Thailand
01GWZ7KG1PRX6KCSSXMX8DEEYK,2022-12-30 09:35:24,Philippines
01GWZ7KG1R0GPBM6SRC0437QAR,2022-08-13 05:06:19,Colombia
01GWZ7KG1S62GFH0FQABTRVV79,2020-04-17 19:47:34,Luxembourg
01GWZ7KG1T99NZB3PSZ0HV7E5M,2021-12-23 16:46:57,France
01GWZ7KG1VTJM0EZF9M13B2VZX,2021-07-04 05:03:12,Denmark
01GWZ7KG1VTE8CQNHM3Y0RP72D,2020-04-28 06:57:44,Philippines
01GWZ7KG1WWAVPGWHT7KFHCYCX,2020-09-16 04:22:41,Colombia
01GWZ7KG1XCTNSRB6FD1XBPME0,2023-01-09 21:33:36,Portugal
01GWZ7KG1Y5D0PYHBEMNZC1EY9,2020-06-06 11:57:50,Russia
01GWZ7KG1ZBCSB0T5FTT47TD98,2022-04-20 05:22:14,Japan
01GWZ7KG1ZX0ENRGWQ4E5RNEK7,2022-10-19 07:43:24,Philippines
01GWZ7KG2069S1KMC2YSA5GB4W,2021-10-19 22:19:59,Philippines
01GWZ7KG211TMS8QDMFX0F6W05,2021-01-30 03:00:14,France
01GWZ7KG21WJP5M8CB02NYDNS4,2021-07-12 21:23:41,Russia
01GWZ7KG227ZTAMJKHC5858DYV,2022-04-27 10:19:55,France
01GWZ7KG23GR6X6B4ECGJ6QX1R,2022-09-19 15:21:59,Tunisia
01GWZ7KG24EPTY0P59JYADNBJ8,2023-02-22 09:27:23,Ukraine
01GWZ7KG24PJVG5YXAKVP7FS42,2022-10-09 12:38:36,Sweden
01GWZ7KG25VBQP3W7J8VCB8H5H,2020-01-08 18:39:38,Azerbaijan
01GWZ7KG26YE821J7WVE57JXSX,2021-07-19 08:06:19,Indonesia
01GWZ7KG2721SZZFGCPH9KZ1NF,2020-03-04 05:33:45,Philippines
01GWZ7KG27J3CSBE633RHP4X3F,2020-06-23 06:13:30,China
01GWZ7KG28QGHXTDX8W8XJ0A1R,2020-04-21 05:53:32,Portugal
01GWZ7KG29F5HQQXCG2SE083T1,2020-11-17 21:59:37,Mongolia
01GWZ7KG2AAQYYMA2JTJE4GCQR,2021-08-04 20:41:26,Indonesia
01GWZ7KG2AJTYMQK84WJGD9ENJ,2021-11-08 03:01:42,Brazil
01GWZ7KG2CBJ3G964XQ2BHEMYE,2021-12-24 03:30:11,Ukraine
01GWZ7KG2DY25ZB0K42EY544M2,2022-03-04 16:38:09,Russia
01GWZ7KG2EQK5HV28GXCJMY2E6,2023-03-19 15:42:50,Nigeria
01GWZ7KG2FXPF7G5VC0J1E7ZF5,2021-06-27 06:57:42,Russia
01GWZ7KG2GSYG1643W13DAHSM7,2021-01-06 09:41:23,Cameroon
01GWZ7KG2HKM5ZNGBFR7P65FDA,2023-01-27 18:55:43,Russia
01GWZ7KG2HBX89Q6481VJEJ85H,2020-08-20 23:56:36,Philippines
01GWZ7KG2JG3H6XQAJXZ7X18ZP,2021-09-29 12:01:37,Poland
01GWZ7KG2KNRXFAQSHCKJ8171T,2022-10-07 05:15:13,Saint Barthelemy
01GWZ7KG2N1BFD68VS4T6BEZ31,2021-05-23 20:28:07,Philippines
01GWZ7KG2PKT73D7R37ZXDW72Q,2021-04-23 19:50:41,Colombia
01GWZ7KG2RFPAQAHR2YB035J58,2021-10-15 02:22:51,China
01GWZ7KG2SD5S345DFJ3ZJ7G2Q,2023-03-31 20:57:19,Albania
01GWZ7KG2V6BG139QFVHGMS9W3,2022-04-19 23:38:16,Ireland
01GWZ7KG2WHJ5JZ95VTVDP2BZM,2023-01-21 21:19:40,Philippines
01GWZ7KG2YN2GR3TD6MAW6E8DF,2022-05-11 13:44:49,Japan
01GWZ7KG2ZH3WXWHFXJE3XDA6E,2021-04-07 04:32:35,Czech Republic
01GWZ7KG2ZQ98H7TC96ZY82GKB,2022-03-19 15:11:03,France
01GWZ7KG302Y74S01DRZPD4WBJ,2020-01-22 06:57:45,Brazil
01GWZ7KG328QBK0GCZ5RYP9SJ0,2020-09-05 16:09:34,Poland
01GWZ7KG32J7GWC3J563J68B1M,2020-09-18 23:11:37,China
01GWZ7KG33WAMA8H2M3DY4AQKA,2021-01-06 22:44:01,Tunisia
01GWZ7KG35JJYNKG7MAPCK53MN,2021-12-02 09:33:27,Czech Republic
01GWZ7KG36X515EWF2JE5ZXWBK,2021-04-09 00:21:40,Indonesia
01GWZ7KG37WEXBHRYDW1EFFJ48,2020-02-13 12:55:51,Philippines
01GWZ7KG382925PM7E13S3DZ05,2020-11-26 09:16:23,Madagascar
01GWZ7KG38QECVP9AC4F2X1S0Z,2022-02-21 11:06:33,Greece
01GWZ7KG39AJWYNF47BZGQ3E44,2020-03-29 23:20:58,Poland
01GWZ7KG3ATDXPJ292N62D00ZR,2020-11-04 01:53:47,Philippines
01GWZ7KG3B4J20Z7E5N3P0CQ0E,2020-10-20 10:24:58,Indonesia
01GWZ7KG3C2H58PCX5Z34HHDJ5,2023-03-15 12:44:21,Bolivia
01GWZ7KG3CVAKAZ8D1H16TBJ7Z,2020-10-27 15:08:37,China
01GWZ7KG3DW0W23B1FV40V5VDF,2021-11-03 15:16:46,Malaysia
01GWZ7KG3E7J9AKB4BFKSA17XY,2021-01-30 15:05:20,Brazil
01GWZ7KG3FJ3P148Q8T63Y9BF1,2020-06-25 12:23:07,France
01GWZ7KG3FX2DX6D8WAE0JSM04,2021-04-16 08:50:48,China
01GWZ7KG3GWXEPEPT00280ZMNB,2022-06-21 19:44:50,Ecuador
01GWZ7KG3JQCC540595QW9B8J9,2023-03-14 02:23:14,Honduras
01GWZ7KG3JB39CEP9TA1SK73RF,2021-06-14 03:43:27,Indonesia
01GWZ7KG3KVXN7VJZCF34VF619,2020-03-12 05:29:14,Azerbaijan
01GWZ7KG3MJ2TY02Y3RZC8FP4M,2021-02-05 23:59:24,Brazil
01GWZ7KG3NQKMHYZTE4CKEXAM0,2022-01-20 00:29:45,Indonesia
01GWZ7KG3NRK1M1WHPTZ8R7YJS,2020-06-13 01:34:03,Poland
01GWZ7KG3P9NEC8ZRSCDN2TQEN,2023-01-29 22:55:12,Poland
01GWZ7KG3Q527H2S1V5RJTJ4AT,2023-02-03 16:02:49,Indonesia
01GWZ7KG3QSGYB7XVBVEDT79Y0,2020-04-22 19:56:14,Cambodia
01GWZ7KG3RZA33S32V24RDY6SR,2022-05-12 08:14:12,Peru
01GWZ7KG3SZDXJ0R4ZGADAFVM5,2020-06-08 15:14:24,Philippines
01GWZ7KG3SEK6PSG0WKXWTR3MR,2020-11-10 10:22:07,Tunisia
01GWZ7KG3TWVJYY7BZN79VK1B7,2022-03-17 09:49:53,Russia
01GWZ7KG3VJ84TWTJ2PRD0HK14,2021-07-05 11:05:27,Australia
01GWZ7KG3WY16YPSN71F8TMVQY,2023-01-18 04:51:06,Ecuador
01GWZ7KG3W01ZNDPW1FAWWTSQ9,2022-08-06 11:40:02,Netherlands
01GWZ7KG3XA4GJXGZVS8HD9PF7,2022-07-18 12:31:41,Thailand
01GWZ7KG3YD3S3TRJT4PDBZ2AB,2022-06-22 17:20:39,Portugal
01GWZ7KG3ZGXG05GDMA9PWF99X,2020-07-09 03:31:51,United States
01GWZ7KG3ZJE1K6RY462JZFJPY,2020-08-13 04:20:27,Azerbaijan
01GWZ7KG40SCH235KDE4RSJ7RH,2021-09-17 15:43:18,Argentina
01GWZ7KG41WRVSKDQ4E9NDJSNK,2021-06-26 01:18:58,Kenya
01GWZ7KG418G6RK4CAS4XYXTDK,2020-08-14 06:10:33,Philippines
01GWZ7KG42JHJPBTRVCV91F8CM,2023-03-08 09:17:20,Norway
01GWZ7KG43YAYMD9KFZAX9JBKF,2022-06-28 09:29:02,China
01GWZ7KG44NH81K7E1FYWJB9TQ,2021-05-25 05:23:04,Brazil
01GWZ7KG44QTD413CSS32PFQ66,2021-08-30 18:39:58,Sweden
01GWZ7KG45RWZEY1A1YVT62D9F,2021-10-16 00:52:58,Canada
01GWZ7KG468FX12DN6B90B1X73,2021-08-24 07:27:41,Poland
01GWZ7KG47BYETEHJRK206QP97,2021-03-11 11:06:23,Nigeria
01GWZ7KG48SBRNDPBR6RCA2GQN,2020-04-29 21:18:47,Brazil
01GWZ7KG499ZV9HZRZ1G84PCT8,2022-04-17 05:54:58,France
01GWZ7KG4CYZK787WR0Q8D2WKE,2022-09-07 19:35:24,Yemen
01GWZ7KG4D1Q406CHD05JYMMDH,2020-10-19 13:26:13,China
01GWZ7KG4FE7TZX4ARZG2PTYFC,2022-07-19 22:19:13,Thailand
01GWZ7KG4G25DMCTT2XE1W4H3V,2022-10-09 16:46:33,China
01GWZ7KG4HTTXHDQNMDQHE656D,2022-10-06 14:06:12,China
01GWZ7KG4JDAAJF44KFN64Y0X9,2021-10-27 18:43:03,Philippines
01GWZ7KG4K3JR3X9BD0Q1466TH,2022-06-08 07:53:44,China
01GWZ7KG4MQBF5K87N3PRHXSBM,2020-03-13 15:16:00,Colombia
01GWZ7KG4PDBHQ7QWRNQ6670F5,2022-11-29 02:25:41,Syria
01GWZ7KG4QNC7TNF8WJZTQ5P06,2021-06-09 11:33:54,Central African Republic
01GWZ7KG4R41MSR9CDAJFMGD11,2020-02-02 14:48:03,Canada
01GWZ7KG4TE8XE0SZ1HFJ0E7BM,2022-08-27 01:22:57,Indonesia
01GWZ7KG4WZ4NCKD4FMJ863GWR,2021-02-04 15:04:17,Mexico
01GWZ7KG4X592PVTE8EKT4MN8K,2022-09-07 13:20:05,Tanzania
01GWZ7KG4ZB2HTKYKJCH2ETFP1,2023-01-09 01:20:23,China
01GWZ7KG51KP5KPZ7XSFXQZ5RY,2021-04-23 09:01:37,Russia
01GWZ7KG52CT0TNCNPEDWKCKZ4,2020-07-07 01:20:05,Armenia
01GWZ7KG54S338BGNQ415GMBV2,2022-06-09 22:45:50,Bulgaria
01GWZ7KG55ZZ1FKBZFKYVC2T6Z,2021-03-10 04:54:19,Burkina Faso
01GWZ7KG56TVSXJTR2KVHZ47CE,2020-09-24 21:10:09,Lithuania
01GWZ7KG574ZWJDQSBK0F1TVK7,2020-06-04 12:13:14,China
01GWZ7KG58N8CMEATG5M0G17AZ,2020-01-21 07:59:33,Philippines
01GWZ7KG5AARGHC74BQKZHEW20,2021-12-13 07:37:55,Philippines
01GWZ7KG5BFGYHSWQJ1CPDRE1V,2022-08-13 13:31:11,Indonesia
01GWZ7KG5DQGHF3ME3ZW2GQ3X2,2020-03-12 10:41:24,Russia
01GWZ7KG5FQ61GHWDW4879B4JJ,2020-02-07 14:49:37,Indonesia
01GWZ7KG5GEFMWWNB916RWSS4S,2020-12-11 11:24:48,Thailand
01GWZ7KG5H4MYPV291QV9XSGVS,2020-09-07 12:31:15,Colombia
01GWZ7KG5KTAP9Y9CAYVPN3F29,2022-08-16 12:16:18,Bolivia
01GWZ7KG5MFRM4FC6JY24GMYKV,2020-05-21 18:39:10,Afghanistan
01GWZ7KG5PR9H6B4FW153PMMJD,2021-08-05 23:19:46,Argentina
01GWZ7KG5QQZVGXQBZQT445MEA,2021-09-18 03:57:57,Poland
01GWZ7KG5SP0QAZA4CQAW0N1X9,2021-09-11 21:18:04,China
01GWZ7KG5V7B3KEAM9DB6KQEY3,2021-08-15 15:01:22,China
01GWZ7KG5W48AF49W761JXTJ8P,2022-02-11 16:13:36,Ethiopia
01GWZ7KG5YJ37H9A0A92BZAWJS,2020-11-17 02:02:54,Ukraine
01GWZ7KG5ZSQY80ZQNX4GE4EPC,2023-01-11 19:47:19,Brazil
01GWZ7KG61X8EZ5NF38EX5XC2W,2020-08-26 01:17:48,Indonesia
01GWZ7KG62AY6VZB43YQR4Y0GK,2023-01-31 03:23:28,Yemen
01GWZ7KG64J8H2X1QM4MMFN0RV,2022-06-29 10:39:45,South Korea
01GWZ7KG66GRK7MC7E6F99A2D7,2022-12-30 16:20:07,Brazil
01GWZ7KG67NX9GYAZTCDAT4M9E,2020-01-31 14:46:52,Indonesia
01GWZ7KG69YJ4Q698P1SZE7P1V,2021-06-12 12:36:47,Peru
01GWZ7KG6AG78T1GVNHFDSVVE6,2020-03-06 00:24:43,Portugal
01GWZ7KG6BDRZTQRDCE3YN7SR0,2021-04-01 03:36:18,Palestinian Territory
01GWZ7KG6C0T3VHGP27RP1K85S,2023-01-22 18:39:01,Thailand
01GWZ7KG6CDJ25RH39VXGB77JS,2021-03-01 21:56:43,Azerbaijan
01GWZ7KG6E55KMNZTA13KJ2HG0,2020-05-28 12:26:18,Indonesia
01GWZ7KG6E13CXXC9XABVG2HVG,2022-04-21 04:57:09,China
01GWZ7KG6FKFP7P39AP23Y2ZRT,2023-02-15 20:30:24,Indonesia
01GWZ7KG6HFVMK5DHN98D7XYNY,2021-08-05 22:28:27,French Polynesia
01GWZ7KG6J5YNX9NZBA01EMR16,2022-10-26 20:25:15,Brazil
01GWZ7KG6M1BTCQPR2TM92P59E,2021-11-22 01:38:34,Ukraine
01GWZ7KG6N0JKK81C67VS33HFV,2021-04-16 19:59:36,Guatemala
01GWZ7KG6QG677BC1RG74CKHQ8,2021-09-19 04:09:21,China
01GWZ7KG6SBC42YZ871YFPX1AJ,2020-12-16 07:58:49,Russia
01GWZ7KG6THA4EJZR58FPEKG15,2021-05-15 15:22:19,Argentina
01GWZ7KG6VB7QHEZFSAGPMDDNC,2020-01-03 21:52:32,China
01GWZ7KG6Y24MKKY4T910V98VA,2022-08-02 02:07:23,Spain
01GWZ7KG6ZY8XFYEJB5AG4BRB5,2021-10-15 09:23:42,Indonesia
01GWZ7KG713EP6BWBYBVKJ9PDW,2022-07-13 18:00:34,Indonesia
01GWZ7KG72WF2MSK9YQ9VXMJ1D,2020-01-04 03:36:15,Brazil
01GWZ7KG73643FHT3M0VV8P6E2,2020-09-17 05:44:01,Thailand
01GWZ7KG74JQYZEE21E4ZD9AKD,2022-12-09 17:37:42,China
01GWZ7KG76YJVNWC2JGC90TNEV,2021-09-27 07:37:40,Russia
01GWZ7KG77FMKWB5DNFQE8XWPD,2020-09-29 11:22:14,Luxembourg
01GWZ7KG79KJ14TT6W5T5X2SXR,2021-12-16 19:18:33,Portugal
01GWZ7KG7ACQKA54VQEHM359Z7,2021-10-14 18:54:11,China
01GWZ7KG7A96DEZGYSC7V4TR5K,2021-01-11 19:55:12,China
01GWZ7KG7CCE8Y4NNRKQQNF5VS,2022-09-23 10:18:51,Portugal
01GWZ7KG7DRB9FZJ23BWB48A2T,2020-09-22 13:37:25,Sweden
01GWZ7KG7FY9KEP8JKRZ5FX9J5,2020-07-23 11:52:48,Serbia
01GWZ7KG7HSY47DC2XKREA7H0D,2021-05-20 10:35:54,Philippines
01GWZ7KG7JGHQ2S2E3WYPSE180,2022-04-10 01:18:58,Poland
01GWZ7KG7M1HEWYTCTDAKGKAYW,2022-09-21 02:16:12,Russia
01GWZ7KG7NR5EM503XF0XY5BBM,2021-10-22 09:55:24,Portugal
01GWZ7KG7QAWD29XS39AH4BZCF,2021-11-17 20:28:23,Indonesia
01GWZ7KG7RCTMZCT6J88D2MB88,2021-12-05 08:53:30,China
01GWZ7KG7TZXE45QWQGBSX2BW7,2021-03-18 23:25:42,Bosnia and Herzegovina
01GWZ7KG7VEVS5FC1TPM0K37AJ,2020-01-07 03:36:04,Philippines
01GWZ7KG7XD303C88564X1PQDP,2020-05-18 15:32:14,Moldova
01GWZ7KG7YQ00XVH0Q0GCWSC04,2021-05-16 23:38:00,Sweden
01GWZ7KG7ZY9AXT80AGMBS3RPY,2021-11-02 06:31:04,Angola
01GWZ7KG80N6RBY4GC049AFW9G,2022-11-29 01:36:15,Czech Republic
01GWZ7KG825TBN1M3JV2F9W165,2021-04-06 21:27:40,Argentina
01GWZ7KG832TPPHKFNX7V1DZXR,2020-10-30 20:45:08,Norway
01GWZ7KG85ZM4YNFCWTPDHX0YR,2023-02-02 13:01:24,Croatia
01GWZ7KG86JNC3WA8PQBJH3BK2,2021-02-24 06:57:16,China
01GWZ7KG872KJMKXP1BNM2GA3D,2022-03-16 14:22:00,Japan
01GWZ7KG8868CN8ZH5TJWKZQXH,2021-10-04 09:29:14,Costa Rica
01GWZ7KG881J5R6QHABKFRR4WS,2022-10-06 10:22:45,China
01GWZ7KG89E72K1QDCHS42MWVS,2021-02-03 14:17:54,Russia
01GWZ7KG8AKN65S9ZP7XBTQZPM,2023-01-04 04:22:54,Japan
01GWZ7KG8BF91PW8QZ6AK67P6P,2020-08-30 21:42:13,China
01GWZ7KG8CTZGBJ7WBCW2S162W,2020-10-07 07:21:34,Indonesia
01GWZ7KG8DMF3BE54CFSMG98AN,2022-09-08 14:51:53,Japan
01GWZ7KG8ER3DN16QP7CEFWXEW,2021-10-20 02:22:08,Poland
01GWZ7KG8G10FTKTXVP4R40WKC,2021-03-11 17:21:56,Peru
01GWZ7KG8H1K6X2P3724YZQQNN,2020-07-19 03:42:18,Vietnam
01GWZ7KG8JZDFEBBJHRC5QW80Q,2022-10-11 05:22:14,Iran
01GWZ7KG8MNVE0N3MWW5CPWVDY,2022-09-16 19:35:05,China
01GWZ7KG8NHHNXBSTMKQW0Z2WJ,2022-12-20 11:20:05,Indonesia
01GWZ7KG8QV85T8NM08ZQZZAX9,2023-03-01 15:50:56,Bangladesh
01GWZ7KG8RC26ZE9RJ8HPHE0A4,2022-01-06 10:39:27,Cameroon
01GWZ7KG8TPNG4W4NCC8WB1F04,2021-05-28 20:16:00,Philippines
01GWZ7KG8V9SNBGC3D4P32AN2P,2023-02-10 16:32:37,Macedonia
01GWZ7KG8XTCW13F50N8WMPG1W,2020-03-21 11:22:57,Philippines
01GWZ7KG8YYG25DXN2E4JXR0KS,2021-09-23 16:09:34,Peru
01GWZ7KG8Z0AK52NSP23SKJ25W,2020-08-09 17:49:17,Thailand
01GWZ7KG8Z27NEWQS2S1YMKZ88,2023-02-24 23:58:25,Russia
01GWZ7KG90RZQ6M00Y65T3MEGD,2021-07-06 04:32:32,United States
01GWZ7KG91W8NXS91410B5PPQF,2021-03-21 21:55:13,Brazil
01GWZ7KG926Z53XP50RVNKNKVY,2023-02-07 11:42:51,Indonesia
01GWZ7KG93F4V7S1TQ4A9ZQJP6,2020-06-21 06:14:17,Indonesia
01GWZ7KG94325CERBWCT4KJETJ,2021-03-10 23:26:34,China
01GWZ7KG96EV6Q4R051XKHWVPM,2022-03-01 04:46:09,Indonesia
01GWZ7KG970BDNTFD8ESKSVMGJ,2022-01-03 11:42:38,Indonesia
01GWZ7KG97X5S0X2D4KJ4DG5YK,2022-04-01 04:41:02,China
01GWZ7KG98CGDR4VHX9GXZ70S4,2021-01-29 07:46:19,Brazil
01GWZ7KG990R05T1GD541WYVEM,2022-03-09 22:56:00,Russia
01GWZ7KG9A88CP223THBD5FTMS,2020-05-25 19:45:33,Portugal
01GWZ7KG9ACR7AYF9WDWM99TDS,2022-06-13 08:52:12,Greece
01GWZ7KG9BPEA4N71BRHZQ8YNX,2020-07-26 07:02:58,France
01GWZ7KG9CSACCFGHHP4SYVVAK,2023-02-21 19:37:22,Guatemala
01GWZ7KG9CSK4JS07HYV21916S,2021-11-10 19:23:04,China
01GWZ7KG9EWBHXKQ1KK0GRGTM2,2022-01-09 20:01:44,Kenya
01GWZ7KG9E7H09VS13PDNNQV41,2022-06-03 23:29:00,Sweden
01GWZ7KG9FQ595Q2GE526RESHB,2022-07-17 23:25:14,China
01GWZ7KG9GYJHWC691TYT0WDM3,2020-02-25 13:54:00,China
01GWZ7KG9H18DQY28FESQ9HV09,2021-11-21 12:44:15,Colombia
01GWZ7KG9HC3N2YY7RY3RK83EC,2020-09-21 12:06:18,Brazil
01GWZ7KG9JK0FF21F3FG7KSX0K,2022-07-30 20:13:21,China
01GWZ7KG9K3J3JAPK1S8WTP08K,2022-04-29 03:33:52,China
01GWZ7KG9M8321YSA6TQS0QPYC,2020-01-06 05:40:05,Japan
01GWZ7KG9M1TME8KZVB1THX07V,2020-09-09 11:02:43,Afghanistan
01GWZ7KG9N4AEAEYSY9ABVZ1JA,2020-09-12 12:12:11,Tanzania
01GWZ7KG9PN95E4CSRS3DSJZ4E,2020-07-30 09:32:48,China
01GWZ7KG9QYY2BRW66K7XE0EB6,2022-09-18 06:36:15,Peru
01GWZ7KG9RX1D1Q9MBWHYPVS16,2022-01-22 19:02:34,Italy
01GWZ7KG9R2K612WQQ3MNG2CYN,2021-11-24 08:09:47,Philippines
01GWZ7KG9SZY0QES9S5TGPQ925,2022-07-19 04:06:09,Philippines
01GWZ7KG9VV22DGKMJYPGN0WEV,2023-02-03 01:58:03,Brazil
01GWZ7KG9VDAWZRS2D80DEPG2B,2023-01-15 22:17:24,China
01GWZ7KG9WW4K3698Q717KEAVM,2020-04-01 08:34:51,Argentina
01GWZ7KG9X9GN2J7PZ0ENFVY6A,2021-09-19 16:50:27,China
01GWZ7KG9YENR5M6N1S6ZC61SM,2020-10-16 17:43:58,Portugal
01GWZ7KG9YT17C06GCDYQDVWH7,2020-12-18 18:07:35,Panama
01GWZ7KGA07MXSQ28NKCA64VCS,2021-09-10 16:00:35,Indonesia
01GWZ7KGA0K8ZX0RQ1CS6ZHMV0,2021-09-10 17:42:37,Sweden
01GWZ7KGA1WPZYJKCZ6XZWN5FZ,2022-01-17 02:31:41,Germany
01GWZ7KGA2JFK6ERF21WW9BN5K,2022-02-23 00:47:52,Tunisia
01GWZ7KGA3YGXJ9MDPBPCXHEN8,2022-08-30 08:21:43,Sweden
01GWZ7KGA4QPFPMZ2QQWQZR8HE,2022-12-24 10:15:52,Poland
01GWZ7KGA5QZXTV6E60121GKHN,2022-08-31 07:53:05,China
01GWZ7KGA5GV7TS7NDEDR09D93,2020-03-20 21:11:12,Brazil
01GWZ7KGA770924FFJENRNXJZ5,2020-08-03 09:18:54,China
01GWZ7KGA8QH25R2H25JTYE791,2021-11-07 17:56:27,Poland
01GWZ7KGA9V6VJVSFJWGT9Y0V7,2021-10-31 01:47:23,France
01GWZ7KGAA5QYXRP4XKE9DG46Q,2021-05-03 05:23:55,Uruguay
01GWZ7KGAB1WTBYGHDH87Z8QX0,2023-03-30 16:23:27,Philippines
01GWZ7KGACKR1PF5ER4GP86PDQ,2020-02-12 05:26:05,Canada
01GWZ7KGADH3PSWPQZ0TXCSZD2,2020-11-23 19:07:59,Bosnia and Herzegovina
01GWZ7KGAEACCNHDC5SBH9Z287,2021-06-27 00:35:46,China
01GWZ7KGAF35NATJCDCMPQV3T7,2022-05-03 17:22:52,Guatemala
01GWZ7KGAGJNKPXEP1F37JEJ5S,2021-12-29 09:27:50,Indonesia
01GWZ7KGAH0DTXA66F20717ZER,2022-07-29 14:36:05,Philippines
01GWZ7KGAJZG66ZV9JH6HKNVCM,2020-11-28 18:34:43,Portugal
01GWZ7KGAJ5YGG1CNZBADJ1WF7,2020-07-06 13:49:12,France
01GWZ7KGAKPRNNGXBD9A2ACQKM,2021-07-16 23:48:38,Bulgaria
01GWZ7KGAMTDX33F0J5DNNCYC6,2022-12-28 21:34:19,Indonesia
01GWZ7KGAN70MF0EKEBGGV6M60,2022-06-24 18:03:28,Philippines
01GWZ7KGAPFM8MVZ6TQ89Y04D7,2020-02-28 11:07:33,Czech Republic
01GWZ7KGAQMT9KQNG6YX3ZXC0H,2022-01-30 21:03:05,China
01GWZ7KGARVKND5VR5T9DK7WB4,2022-12-28 20:24:55,China
01GWZ7KGAR17HDE3Q8PCDX7E27,2020-03-31 22:04:48,China
01GWZ7KGATJZ0Z12VMSERPAF2H,2020-11-10 10:36:32,Philippines
01GWZ7KGATT27GSG2KSV0Q74TD,2023-03-12 01:43:57,Guatemala
01GWZ7KGAVZ6EXZN9585TCPRXZ,2021-01-20 00:59:52,Brazil
01GWZ7KGAWBFHY1N3XTEKT8TPC,2022-01-23 23:04:32,Philippines
01GWZ7KGAWHMK3VBEDA3Z67ZFZ,2021-02-07 10:35:50,Indonesia
01GWZ7KGAYRJJGDCKXJ1ZSG8NS,2022-10-06 14:58:05,Guatemala
01GWZ7KGB0897F8P9TJZMCPX85,2020-12-30 09:12:26,Indonesia
01GWZ7KGB1MTGGX9QJZ2JTJECM,2020-08-26 16:19:26,China
01GWZ7KGB36FEGK7F611J8T0BY,2021-09-03 16:57:37,Pakistan
01GWZ7KGB4Z93MW4N5TED6J578,2022-03-07 02:28:04,Bolivia
01GWZ7KGB6R8CCDN8G9AYX77YD,2020-05-25 12:13:43,China
01GWZ7KGB7GN7PAE42Y3YDP6D8,2020-06-23 01:00:19,Russia
01GWZ7KGB9J5DG22H4JMHZ6110,2021-09-28 21:11:10,Colombia
01GWZ7KGBA2SFVB1C2QAE1T2V1,2020-09-29 15:03:06,China
01GWZ7KGBBMVVT47NFEXK95M1A,2022-11-29 21:06:52,Japan
01GWZ7KGBC90V1CVM4QEDNNSZF,2022-11-20 09:36:22,Sweden
01GWZ7KGBD172MZ5EGYVJWXAN2,2020-10-18 14:27:59,Philippines
01GWZ7KGBEB31YQDCPHRDGT2QR,2020-09-23 01:08:09,Czech Republic
01GWZ7KGBF7PGA0B2KFZ0TBE1M,2021-11-26 11:57:35,Norway
01GWZ7KGBHZ1NRRDNS0X4X2SK1,2023-01-28 23:17:10,Tanzania
01GWZ7KGBJBM54X46H9JB9S957,2022-01-06 06:24:26,China
01GWZ7KGBJCQ1BS0844G9BT66K,2022-12-09 23:13:59,China
01GWZ7KGBKAMG0ZJPAFF8MVC1S,2021-03-31 01:45:04,Philippines
01GWZ7KGBMG08YR3T5Q8X2HHK4,2020-12-14 04:31:59,Portugal
01GWZ7KGBPEED2QH7EV2QDPR1Z,2020-07-24 10:14:42,China
01GWZ7KGBQ9J3421JMJWCJRG6H,2022-01-06 15:13:56,Portugal
01GWZ7KGBQGGG4XD3JM60E4CS9,2021-10-05 08:07:18,Indonesia
01GWZ7KGBRPDMV7QDY93W85VE9,2022-08-13 11:09:15,Philippines
01GWZ7KGBSKXVWMM8NY7J58ANF,2022-06-08 04:56:38,Armenia
01GWZ7KGBT024VT5KTQYQ03G34,2023-01-24 22:03:20,Indonesia
01GWZ7KGBV90CAAJ0BQ2T5RKV5,2021-05-21 10:42:35,Netherlands
01GWZ7KGBWGJEZR454EQFVNNJS,2022-11-28 23:46:41,Botswana
01GWZ7KGBXXHRAR6E3HBN3TDKP,2020-12-28 14:49:28,Indonesia
01GWZ7KGBZRH7TF67CJBS4MRTQ,2022-04-05 23:14:37,Philippines
01GWZ7KGBZR2HNDD50TNDAJV56,2020-01-31 01:14:16,Philippines
01GWZ7KGC1D949A0ZAHZEWH24G,2020-02-12 01:43:25,Bolivia
01GWZ7KGC2VW3CVHEGZ78TSVEY,2022-09-18 02:06:47,Indonesia
01GWZ7KGC3VHPCVHZ2Y4CH3X8V,2020-11-05 16:29:13,China
01GWZ7KGC5JXPMJN8RNPHAXSM9,2021-09-20 23:52:11,Bulgaria
01GWZ7KGC6CTAA5FNGACCXFGCT,2023-01-27 07:01:57,Bolivia
01GWZ7KGC8K0P5RBYMX13Z075Y,2020-05-02 23:42:11,Thailand
01GWZ7KGCA7BEBKPEYQG63MFW6,2022-09-12 12:14:55,China
01GWZ7KGCBK1PY5780BH96WED0,2021-09-13 18:06:37,Poland
01GWZ7KGCDGME0M9NMRM0R5C4D,2022-12-20 06:50:31,Indonesia
01GWZ7KGCFKHGP2Q21VE8N9PZ3,2023-01-05 17:13:49,Norway
01GWZ7KGCHJB6TB8RXZJ18H7A2,2023-01-31 13:05:12,Canada
01GWZ7KGCJRJ5WQJFXA51MH2J4,2022-01-11 23:18:57,Kosovo
01GWZ7KGCMGXNM5D0XDMHMXXWE,2022-12-10 02:52:52,Sweden
01GWZ7KGCNAX2GH8YDBSYD6W2G,2022-07-10 11:21:23,Chile
01GWZ7KGCQC1VW9GV2M6EJE7YA,2022-07-31 18:51:46,Indonesia
01GWZ7KGCRZW4TA2ZGJC5K989F,2021-03-30 08:47:27,United Arab Emirates
01GWZ7KGCTMG630060RR334EWX,2023-03-12 06:53:48,Ukraine
01GWZ7KGCTC7KG1112YYEA1HFG,2020-03-20 09:51:40,Mexico
01GWZ7KGCV8TT7XW0Q77V70SZY,2020-08-29 10:12:04,Afghanistan
01GWZ7KGCWXWMSYWZ90MGBKSK9,2022-03-16 20:32:38,China
01GWZ7KGCXS92H8C2PNYGTWDV6,2022-12-20 02:22:10,Belgium
01GWZ7KGCY23ZTMMWRYWH617K7,2020-10-01 15:10:27,Sweden
01GWZ7KGCZ4VMA30Q4GSVN7GCY,2021-10-28 01:08:24,Georgia
01GWZ7KGD0FH7G991HXQASPE47,2020-10-13 02:27:32,Brazil
01GWZ7KGD1M2H0T7B7FXDA1DM0,2022-06-16 11:24:36,Canada
01GWZ7KGD2JPHBBFVKCYTD7JFG,2022-06-15 11:58:47,China
01GWZ7KGD3WF0DM5NRXKY6RH7K,2022-09-23 03:17:25,Brazil
01GWZ7KGD31EBKYT7D6H80W2FK,2023-01-20 05:59:11,France
01GWZ7KGD5YAP9R47921ZCZGBP,2021-09-27 10:36:34,Indonesia
01GWZ7KGD6MSHC9BMD6J6PWY29,2022-08-26 11:32:47,Iran
01GWZ7KGD89FK0R8VB9F5TQVK9,2021-12-14 11:36:11,China
01GWZ7KGD902KDBXKRJCS0YRZR,2021-07-22 04:35:02,France
01GWZ7KGDAPX91GTSN34PS7FCZ,2020-09-23 01:01:40,Mexico
01GWZ7KGDC2P80YHTZZHVNC940,2022-12-10 03:14:09,Bulgaria
01GWZ7KGDC0EMW7SYP6WEE55RS,2021-06-18 09:23:17,China
01GWZ7KGDDQV0PZJYHM0G091FP,2021-01-22 21:55:10,Egypt
01GWZ7KGDE200NPATAT5WRBAPC,2022-09-15 13:56:00,Malta
01GWZ7KGDFJ04ZSHFS1S7TDHX1,2022-03-31 03:49:31,Iran
01GWZ7KGDHS76ZECCSA53J8G4N,2021-07-30 12:59:32,Czech Republic
01GWZ7KGDJ10CQC2J0436WDS1V,2021-02-08 00:33:39,Indonesia
01GWZ7KGDKQWM16FYQE8H6NJN1,2022-02-01 22:43:01,Indonesia
01GWZ7KGDNPWFWFHXCNXKEJCA7,2020-09-29 18:56:52,Japan
01GWZ7KGDPY0VBHPYKK7WD9WHY,2022-02-02 01:40:47,Mexico
01GWZ7KGDQ6XRHM1N36JMZVNZA,2021-10-08 12:29:48,Russia
01GWZ7KGDR8V89NF5HSK1MESP0,2020-09-26 13:33:29,Ukraine
01GWZ7KGDRP6CNH39H4MR8T93P,2022-10-07 18:10:14,Ukraine
01GWZ7KGDS1GW0A4VXJD10P8V0,2021-07-28 03:47:21,Philippines
01GWZ7KGDVF4W1B2VFADA5PNY7,2021-01-29 23:43:37,Reunion
01GWZ7KGDW60T8NCWD004V8P5G,2021-06-23 09:15:52,Cuba
01GWZ7KGDXPDEV0P4GTRFY4786,2022-10-21 07:42:00,Jordan
01GWZ7KGDZNR25BYB2TESZG36K,2020-07-28 07:34:51,Philippines
01GWZ7KGE0YXRXA425C8RGZX7C,2020-05-08 06:19:58,China
01GWZ7KGE15Q5FSSGTDD6BSH5S,2020-01-26 16:04:39,Ukraine
01GWZ7KGE3X6NWXST2GXJN39M5,2021-03-01 05:47:03,Indonesia
01GWZ7KGE40ZGQNVBJNS9TQQ0B,2021-09-19 16:15:54,Russia
01GWZ7KGE6XD2C998R6KZH91DA,2022-07-23 09:41:28,Philippines
01GWZ7KGE7KBF9KEZ6QD37N5WB,2022-03-18 13:21:34,Norway
01GWZ7KGE8AY0WFSZNAX6F10WG,2021-09-04 22:21:03,Afghanistan
01GWZ7KGEBMNDQHRKKJBG2A9XD,2021-07-07 21:09:09,Indonesia
01GWZ7KGEBK7K5XGX3WCJ9HY6S,2022-09-07 10:45:53,Argentina
01GWZ7KGEDF32HMTWEDHD6WNG4,2021-10-13 22:25:09,Colombia
01GWZ7KGEFDXES0J328VBP9NGJ,2020-04-01 08:55:18,China
01GWZ7KGEG7TAPZJ1950QK14T2,2021-07-22 14:20:02,Philippines
01GWZ7KGEJZC0Z9AJHG87WXN66,2022-07-11 23:50:01,Philippines
01GWZ7KGEMYB6QXAJ9VGSTME4R,2021-05-02 02:48:13,Chile
01GWZ7KGEN40YKFH4H0W82167R,2020-08-31 12:42:07,China
01GWZ7KGEQ47RHQHE9WATEAM2Y,2022-03-01 09:25:04,Indonesia
01GWZ7KGER2BHJ0BMMN88QZ7MR,2022-12-20 04:27:33,Philippines
01GWZ7KGER720C84W5QD3TGJRZ,2020-09-19 23:13:08,China
01GWZ7KGETJ1B2J9XQCRDR9G3N,2021-03-14 13:16:32,Philippines
01GWZ7KGETBBBAGEBWAXVQE023,2023-01-22 19:57:18,France
01GWZ7KGEVHRSH8C6T7DVG5Q02,2022-11-15 03:11:25,Japan
01GWZ7KGEXV1KND72HPGW6AHEQ,2022-07-24 11:21:22,Argentina
01GWZ7KGEYGX1A6HTA05518GS8,2021-05-15 10:59:40,China
01GWZ7KGEZ54DE63VHKYWG52ZG,2023-03-31 20:02:32,Morocco
01GWZ7KGF0TQ9BXMKH61XRM7VM,2020-12-18 13:11:01,Indonesia
01GWZ7KGF1PZ108KRJWV51TS4Q,2022-03-13 11:38:38,China
01GWZ7KGF2WMT33BGCWFCVDVPW,2022-03-31 14:39:22,China
01GWZ7KGF2GP9TW0B4QN27VMSF,2021-12-03 10:26:23,Indonesia
01GWZ7KGF3J3AK03TGA3R4HWB8,2021-10-24 03:54:16,Mexico
01GWZ7KGF4R3B4K4VR9TZC2QPH,2021-12-31 04:21:09,Greece
01GWZ7KGF4RBP3BJXCQDSH2JG9,2020-12-10 01:11:07,Indonesia
01GWZ7KGF57QQWW5WXPVTHE7B0,2022-09-10 16:56:16,Indonesia
01GWZ7KGF7T283JVSAMV533QA9,2022-08-17 02:04:34,Russia
01GWZ7KGF8JT2E5HGBKJ7SDMEN,2021-11-28 20:21:13,Portugal
01GWZ7KGFAQ2DMFWHEZEBEJDGQ,2020-11-22 05:17:18,Indonesia
01GWZ7KGFBH0GPAB35XHN0WVWE,2020-06-28 05:00:43,Portugal
01GWZ7KGFDC5N8M08KGPKEAPH6,2022-11-30 18:23:34,Syria
01GWZ7KGFFEPB9WYR1R35QAWX5,2022-05-15 23:57:32,China
01GWZ7KGFGTV95H8F1ZYXV4ND4,2022-03-14 04:41:31,China
01GWZ7KGFJTX902WJ4865JBKAE,2023-02-05 21:02:40,Indonesia
01GWZ7KGFMHJDSCX923JKFQ6NC,2021-09-16 03:35:23,Germany
01GWZ7KGFNEQM97933J7VH3G03,2020-11-24 05:46:20,Turkey
01GWZ7KGFQPG4VWH5YKHWTWVBH,2020-03-31 13:40:15,Indonesia
01GWZ7KGFR9MK5T8FHW5SFKN7G,2022-10-21 21:52:49,Chile
01GWZ7KGFT8CDFBVSSSRZPYSYT,2020-01-06 11:51:28,Philippines
01GWZ7KGFVEH59PGA5DP8JKGPB,2022-04-28 01:45:29,Russia
01GWZ7KGFXV8RRAPNJD8SBH5DH,2022-07-15 16:50:03,Australia
01GWZ7KGFY1NTR31CFWV9PTQEJ,2021-09-12 09:31:11,Russia
01GWZ7KGG0SBAPR0HX8X86TA7B,2023-02-01 04:55:20,China
01GWZ7KGG0VQBH3G83H00MCNTH,2020-04-09 16:48:08,Russia
01GWZ7KGG2RDHHVZFP12W6QR5N,2021-09-17 19:42:31,Philippines
01GWZ7KGG221RARDTDGNRQX9B8,2023-01-06 17:49:26,Poland
01GWZ7KGG43J45D4S9FSNT0F9J,2022-08-01 09:19:12,Macedonia
01GWZ7KGG5RTC8T7RYWWHJD1DZ,2022-10-02 22:28:16,Russia
01GWZ7KGG6141E96968E17WWYF,2020-01-05 15:57:04,Portugal
01GWZ7KGG7WAZ7GD4DQSDTAN0Q,2022-02-27 11:43:47,Poland
01GWZ7KGG82GG37W193GQYX86K,2020-04-22 01:02:14,Venezuela
01GWZ7KGG8FHS9139KT4TP0E9C,2022-01-28 10:27:54,China
01GWZ7KGG9N6XEFHZT7H8FQJ2B,2020-03-08 13:51:36,Indonesia
01GWZ7KGGAGD8008XR5BJWGZKC,2020-04-07 08:10:24,Portugal
01GWZ7KGGB09HN7ZAYBNBM0T68,2021-04-11 17:13:04,Colombia
01GWZ7KGGC6T9D3DKZ9G6GN91G,2021-07-18 16:14:23,Nigeria
01GWZ7KGGDJGTQC9FFD80QBGDC,2022-03-17 13:40:01,Russia
01GWZ7KGGEQ2Q6P4NT9J53WX9K,2022-08-05 15:39:20,Brazil
01GWZ7KGGG2R9QEHBV1N66APDN,2022-11-09 14:47:50,Canada
01GWZ7KGGGNEF43NKZ0B5KP99B,2021-02-05 21:02:27,Sierra Leone
01GWZ7KGGHW325M9Q78RRRF7B3,2021-02-28 20:27:13,Poland
01GWZ7KGGJVPYGD5VS4HFRGYBP,2020-02-02 21:41:07,Poland
01GWZ7KGGKP60XXFSDRGN815VK,2022-02-16 02:33:29,Ukraine
01GWZ7KGGMCD4Z04ZYXC2CJ2NZ,2023-03-24 01:25:30,Indonesia
01GWZ7KGGNE23D876P3B53G8QZ,2022-05-04 21:43:11,Mali
01GWZ7KGGNYPPYVQQBFY898Y8E,2023-02-01 00:49:29,Ireland
01GWZ7KGGQCFR8DTAFZR94RG5J,2022-03-06 13:35:50,Sudan
01GWZ7KGGR2KS6M3G7JE0CSAE2,2020-11-14 09:57:45,Venezuela
01GWZ7KGGR76BEY22Z6193ZQEE,2021-05-04 10:24:25,China
01GWZ7KGGS8J8R2DN5Y749JVRJ,2020-01-20 19:58:17,Somalia
01GWZ7KGGT7D0PB6R45CNV6ZYN,2020-04-12 13:12:05,Poland
01GWZ7KGGVHBXGTQF1W9V9GFNA,2021-06-25 08:25:41,Portugal
01GWZ7KGGXWMSYV9RXJADYH8BM,2021-08-09 16:01:08,Afghanistan
01GWZ7KGGYP25WSVF9VTW94Q15,2022-03-04 15:47:42,Slovenia
01GWZ7KGGYWKMVES60SWGRNGTN,2023-01-30 16:37:13,Palestinian Territory
01GWZ7KGGZTXNKGE5KFE290P84,2021-12-21 16:30:50,Indonesia
01GWZ7KGH0W3YPZVRH24GDGAGW,2021-03-02 20:06:00,China
01GWZ7KGH2G8AQXN21Y0DB6FM8,2022-08-09 08:28:32,China
01GWZ7KGH32MAXANAQNXQ6W8EV,2021-11-12 12:15:24,Japan
01GWZ7KGH4C9R2M6M8VMBP95W2,2022-12-15 22:04:43,Luxembourg
01GWZ7KGH69AEQWCAD094STT0R,2022-11-19 12:42:32,Sweden
01GWZ7KGH7JM2RPKHX749TDBJB,2023-03-31 00:20:02,Brazil
01GWZ7KGH898VZ72PAWC6YC2TS,2021-04-17 05:01:33,Portugal
01GWZ7KGH9QEDZ9NV6ENQ56RY5,2020-07-08 14:50:18,Malta
01GWZ7KGH9PFVQ2R0H56H7AQHC,2021-12-14 19:17:17,Japan
01GWZ7KGHBF5BVVE2X0S41GR0N,2022-07-05 09:35:53,Portugal
01GWZ7KGHCXSF1HHKTB1J92ATA,2022-01-08 18:16:48,Morocco
01GWZ7KGHE0794C21M5MGQ4SZZ,2022-04-20 01:16:33,Costa Rica
01GWZ7KGHGGH8MWJYJVK1C1FYG,2020-02-19 08:21:27,Tanzania
01GWZ7KGHHPNH9G5FAVCHM30J9,2022-05-22 12:11:28,Czech Republic
01GWZ7KGHK884D6E6XSSBPA8WE,2020-09-22 15:31:49,Indonesia
01GWZ7KGHNMJ0HGEQG9P2PR2W9,2020-05-26 00:20:36,China
01GWZ7KGHPWW85S6XS8DR1GMW3,2022-12-04 07:26:45,Greece
01GWZ7KGHR34JPWMSC40EM09DT,2022-02-09 15:13:34,China
01GWZ7KGHT87QDT3DDW2HNMW3P,2020-03-08 14:35:09,Indonesia
01GWZ7KGHVVYAKVNZSWBM8SJNR,2020-02-16 14:23:35,China
01GWZ7KGHXJ5DN1VB8FHCNRZVF,2022-02-17 23:18:13,Portugal
01GWZ7KGHYG8HS3B93HWX5K9EB,2022-09-14 06:46:51,Ecuador
01GWZ7KGJ08A0XNNK79WJKN7VZ,2023-02-13 22:51:19,China
01GWZ7KGJ2PKT7ARRW0SNWMKY4,2021-05-21 23:36:36,Cuba
01GWZ7KGJ3Q7ZQ5ZD11EK0DR1E,2020-10-05 01:38:25,Sweden
01GWZ7KGJ54GB347STP3Y928EQ,2022-04-01 14:58:17,Thailand
01GWZ7KGJ6XWEYT884BA02SRSN,2022-08-21 17:30:26,Finland
01GWZ7KGJ8DBXJJYDVAXYRMVBC,2020-02-03 09:43:42,China
01GWZ7KGJAR44BKFEF7TXVKY3A,2021-03-31 19:25:33,Netherlands
01GWZ7KGJBA4NAWSZ1EDXAN9F0,2022-02-28 22:57:31,Colombia
01GWZ7KGJDEE12C4AWSM5FY5HS,2022-10-10 03:03:57,Botswana
01GWZ7KGJEFPD909YTCZP3KDHP,2023-03-26 22:50:57,Uzbekistan
01GWZ7KGJFWHGMEKGKB615N9WA,2020-11-24 20:47:20,Philippines
01GWZ7KGJG5ZWCBGCY2PFVWMW2,2022-04-27 08:24:12,Ukraine
01GWZ7KGJHJR2C2C2MDY5T6ZSB,2020-01-01 18:59:10,China
01GWZ7KGJJATRGM0ZPF7NGCTWB,2022-12-01 17:25:12,Poland
01GWZ7KGJKXNFZNKYQ08QBZSJ8,2022-09-05 06:02:45,Lithuania
01GWZ7KGJK5B3TBD3BG932PPD9,2022-09-28 22:12:54,Colombia
01GWZ7KGJMR9GS6AG0B34P08ZZ,2022-06-26 06:16:47,Russia
01GWZ7KGJNB7XY72TPZ5ZTAEM2,2022-04-16 01:44:27,China
01GWZ7KGJPM25PMHMHC7ER9XSE,2021-09-26 19:45:00,China
01GWZ7KGJQ2CZ8CS3HWPGNE035,2023-03-31 11:06:49,Slovenia
01GWZ7KGJRFNK3WD1CCQW5H9K2,2023-02-28 04:03:50,Bulgaria
01GWZ7KGJRY284JPRXQYWEJBG0,2022-07-12 22:12:32,China
01GWZ7KGJTY8TGJE5R1YXSKJCY,2021-09-06 13:30:23,China
01GWZ7KGJTR8P70TVR54J5ZGWB,2021-07-21 16:31:44,Tanzania
01GWZ7KGJVZFJ6Y0YSHTE273B1,2021-07-25 11:47:36,United States
01GWZ7KGJWMCNGKTNGHPZ8DQV5,2022-04-13 23:09:18,Cuba
01GWZ7KGJXE1TRNNTPYSP0XB02,2020-12-31 09:22:08,Norway
01GWZ7KGJYRB6RHRV1FCXQG0FG,2022-07-12 05:37:00,Russia
01GWZ7KGJYCRM7YNR8W4KNFPRJ,2022-08-16 05:17:11,China
01GWZ7KGJZNGTWT8KP3J7M44W8,2021-05-09 00:14:25,Philippines
01GWZ7KGK0NNNZRQ2FYG9XM3GQ,2022-10-26 04:45:07,Indonesia
01GWZ7KGK0PPQ0WYWQW684W16D,2022-06-04 18:54:05,Indonesia
01GWZ7KGK1QFYC4A7NCC0KE4SF,2020-10-28 14:09:35,Indonesia
01GWZ7KGK2GVZ93F0M5RPS1E7N,2022-04-19 21:52:10,Indonesia
01GWZ7KGK39ZK068AT4B7G1DEX,2020-01-14 04:12:16,Kenya
01GWZ7KGK48E9Z3ZYS1DZKCYQK,2022-07-19 03:14:42,Belize
01GWZ7KGK424EHWBXKH03ES1PK,2021-03-23 02:56:59,Venezuela
01GWZ7KGK54AKM5RYEEN9933B8,2021-03-22 05:52:54,Uruguay
01GWZ7KGK6MTY13RQM41WEPN6J,2021-06-20 02:18:20,Japan
01GWZ7KGK77TBQYWZQGM9HD08B,2022-09-22 12:23:17,Ivory Coast
01GWZ7KGK8BV8H97G4DN9CF9AT,2020-06-06 08:06:07,Indonesia
01GWZ7KGK8VJ8G2KYZ1XJ32HXC,2020-01-10 05:03:39,Portugal
01GWZ7KGK9HDX3Z4CDFKNMK36E,2020-07-06 19:26:17,Kosovo
01GWZ7KGKAWJCYBCQKJ214VHA6,2021-06-23 22:59:40,Canada
01GWZ7KGKCJWWPMWPA4J63DNSY,2022-12-19 00:55:32,Portugal
01GWZ7KGKD75VVHKGCD4DPR0JV,2022-12-01 02:52:24,Palestinian Territory
01GWZ7KGKFB04V7JH15CX69844,2023-03-20 00:07:56,Slovenia
01GWZ7KGKHD3HF3HKZ9C5556FP,2021-06-17 14:52:18,Panama
01GWZ7KGKJFV5P2QFDMERRQ84R,2021-03-31 04:10:23,China
01GWZ7KGKM846VRHD5NKHNHH3F,2020-06-13 01:20:10,Poland
01GWZ7KGKP5VM70KKJW4667CEP,2020-08-02 17:51:21,Portugal
01GWZ7KGKQFN683GQMDRXMGX5Q,2022-04-24 07:09:18,Portugal
01GWZ7KGKSX25V0JQMGHCEK0SY,2021-12-17 22:28:53,Indonesia
01GWZ7KGKTE5B2N2V6PP0BHBH5,2021-03-04 02:10:13,Thailand
01GWZ7KGKWSVKQFD19BT0C87RP,2020-05-10 12:28:47,Russia
01GWZ7KGKZ1RRD0MM2KJCSJFGK,2021-08-23 06:23:53,Vietnam
01GWZ7KGM09QYXC31CE682DW6K,2020-05-07 03:32:54,Canada
01GWZ7KGM2FRBD7NDQG5DXFYVE,2020-08-28 17:23:30,China
01GWZ7KGM2BXC8GJYV4N5R18PY,2020-04-30 15:48:51,Malta
01GWZ7KGM31JABHYY4F9WNPZ5Q,2023-03-07 21:24:56,Zambia
01GWZ7KGM401X60NC66TGST7BS,2020-12-08 19:51:04,Philippines
01GWZ7KGM51NW21Q7X85ACNR4A,2020-04-19 03:36:08,Russia
01GWZ7KGM6YDFA3GCP9EBMK8FR,2022-11-13 13:15:57,Iran
01GWZ7KGM8Q09KHRNGYBYGMXHW,2022-08-15 06:33:35,China
01GWZ7KGM9M7HRZPGPVBHZH3F2,2020-07-20 15:00:28,Indonesia
01GWZ7KGMB4YGFJ9N9M13BYEWD,2020-11-07 17:43:01,Poland
01GWZ7KGMCVFVT4B05AZ76PX4Z,2020-04-24 11:00:38,Finland
01GWZ7KGME30J9ZQD1DG2K62J6,2022-07-06 08:32:46,Indonesia
01GWZ7KGMEC11P59KSND2448EY,2022-12-25 20:33:32,Philippines
01GWZ7KGMFZ73RYRSTR8FRGETN,2022-08-16 11:42:15,Uruguay
01GWZ7KGMGHP5YHHXB0Z77ZNVN,2021-04-03 06:27:14,Philippines
01GWZ7KGMHA4MS5QY1T8NN4KPR,2021-05-22 16:15:51,Syria
01GWZ7KGMHWDE7CA16ZP05N0TQ,2020-04-07 23:07:43,Palestinian Territory
01GWZ7KGMKY0P8E3XES397G80P,2021-01-19 17:45:22,Russia
01GWZ7KGMM2ZR5QZSJ676M0QMF,2020-08-18 13:43:12,Canada
01GWZ7KGMMQWQ8391520VTP45W,2021-01-06 23:42:59,China
01GWZ7KGMNZRWVZ4J8Y9Q8MCNF,2023-02-11 14:43:41,China
01GWZ7KGMP1P9G4PY4P9R6XDDK,2022-11-11 07:41:00,Luxembourg
01GWZ7KGMQZMQS4SP1AQ4AHWDM,2022-05-16 02:00:09,Russia
01GWZ7KGMR30ARJDC3CN8Q9VB5,2021-11-30 17:00:41,Guam
01GWZ7KGMRYEFME59VWNAKK0X1,2022-02-22 10:25:45,Indonesia
01GWZ7KGMSN9EDCG4BWFG8R216,2020-12-18 21:28:48,Indonesia
01GWZ7KGMTRNYT4QAN199VKAHD,2021-09-11 22:24:40,North Korea
01GWZ7KGMVEX61HA2A4G1Q3EZA,2020-05-01 19:49:22,Brazil
01GWZ7KGMWBEYS20RG7GPMW3K5,2023-02-12 05:54:49,Palestinian Territory
01GWZ7KGMXCRDMNJ68MJRT1G1A,2021-08-24 08:03:27,Canada
01GWZ7KGMYRYQAFRS2YWATCX4Y,2022-03-06 20:32:33,Botswana
01GWZ7KGMZ16CADMK3Y3VDRPB3,2021-04-13 23:43:56,Netherlands
01GWZ7KGN050X6S6KHHJX70KNZ,2021-12-04 20:51:18,United States
01GWZ7KGN17V81SJ59HMHRX8AZ,2022-11-04 03:46:53,China
01GWZ7KGN2BT293ER8F05BH4RM,2020-04-08 06:15:48,Nicaragua
01GWZ7KGN38S4J1RGCCEN188KS,2020-12-14 23:53:50,Sweden
01GWZ7KGN402N7DFG5Q66ST7ER,2020-12-11 00:34:59,Paraguay
01GWZ7KGN6PFNPQHE4JAZCCWVQ,2020-03-25 06:42:49,New Caledonia
01GWZ7KGN7JAQ356RNDT1XXCXW,2022-05-20 22:35:48,Indonesia
01GWZ7KGN8R0BYG6Z53G3KPKNB,2020-07-05 21:15:12,Mongolia
01GWZ7KGN952M1ZPQSH5BVHH4Y,2020-06-06 19:40:20,China
01GWZ7KGNBCN1PK1H0SZ5H8TXG,2022-01-28 22:50:22,Brazil
01GWZ7KGNCAS39YSEFADJB124R,2020-04-24 06:38:40,Japan
01GWZ7KGNEGDSX7BMTDQ70W14C,2020-10-15 05:45:43,Uzbekistan
