order_id,product_id,quantity
01GWZ7KEYDDP1GQQVA6P4MW6B9,1,40
01GWZ7KEYDDP1GQQVA6P4MW6B9,118,6
01GWZ7KEYDDP1GQQVA6P4MW6B9,1000,85
01GWZ7KEYGKEVY0B6JENYWMTGM,935,5
01GWZ7KEYGKEVY0B6JENYWMTGM,858,85
01GWZ7KEYTW8H1QW319RGTRE0H,425,44
01GWZ7KEYTW8H1QW319RGTRE0H,873,45
01GWZ7KEYTW8H1QW319RGTRE0H,635,20
01GWZ7KEYV2WVM6PMSJHDHGEFD,629,28
01GWZ7KEYV2WVM6PMSJHDHGEFD,266,16
01GWZ7KEYYCENEJTKGMGN8CQ3X,796,10
01GWZ7KEYYCENEJTKGMGN8CQ3X,277,79
01GWZ7KEYYCENEJTKGMGN8CQ3X,393,75
01GWZ7KEZ0AGGX5HVV5T1JR6V2,423,4
01GWZ7KEZ0AGGX5HVV5T1JR6V2,466,21
01GWZ7KEZ13P7KYZ5F38037H23,165,12
01GWZ7KEZ13P7KYZ5F38037H23,733,34
01GWZ7KEZ13P7KYZ5F38037H23,609,49
01GWZ7KEZ3JECT6V8CHHXZJTS8,579,4
01GWZ7KEZ3JECT6V8CHHXZJTS8,507,68
01GWZ7KEZ6MXVR99WWZ0R197RA,845,47
01GWZ7KEZ6MXVR99WWZ0R197RA,771,70
01GWZ7KEZ6MXVR99WWZ0R197RA,24,18
01GWZ7KEZ73S4GQ364SEFCM2Z1,281,90
01GWZ7KEZ73S4GQ364SEFCM2Z1,76,24
01GWZ7KEZ9BG32ZBCT1RAVPWDB,682,89
01GWZ7KEZ9BG32ZBCT1RAVPWDB,777,31
01GWZ7KEZ9BG32ZBCT1RAVPWDB,875,93
01GWZ7KEZBP5F2T6S4C76S7FMJ,317,19
01GWZ7KEZBP5F2T6S4C76S7FMJ,89,98
01GWZ7KEZC9K4FHA5CRM8JF9DE,779,95
01GWZ7KEZC9K4FHA5CRM8JF9DE,50,50
01GWZ7KEZC9K4FHA5CRM8JF9DE,76,69
01GWZ7KEZFHB2Y6H49CA8Z9N81,686,3
01GWZ7KEZFHB2Y6H49CA8Z9N81,165,5
01GWZ7KEZJQXTNCBV0TM3RZ5PG,921,29
01GWZ7KEZJQXTNCBV0TM3RZ5PG,929,29
01GWZ7KEZJQXTNCBV0TM3RZ5PG,574,43
01GWZ7KEZKB6WJKEXAEYDB7BP6,67,6
01GWZ7KEZKB6WJKEXAEYDB7BP6,809,74
01GWZ7KEZN6BE9YC7S40S1MWPA,470,64
01GWZ7KEZN6BE9YC7S40S1MWPA,242,41
01GWZ7KEZN6BE9YC7S40S1MWPA,179,65
01GWZ7KEZQBFSDV277HFVQWBJQ,872,99
01GWZ7KEZQBFSDV277HFVQWBJQ,480,40
01GWZ7KEZRPWC29NVPFM9B0GHG,261,42
01GWZ7KEZRPWC29NVPFM9B0GHG,494,70
01GWZ7KEZRPWC29NVPFM9B0GHG,951,69
01GWZ7KEZVTZX74B6QP0MJVG87,891,70
01GWZ7KEZVTZX74B6QP0MJVG87,115,87
01GWZ7KEZX8S68RJNDYBCK333A,262,53
01GWZ7KEZX8S68RJNDYBCK333A,799,9
01GWZ7KEZX8S68RJNDYBCK333A,988,72
01GWZ7KEZYCH48FP3NXBQ8VWV2,93,66
01GWZ7KEZYCH48FP3NXBQ8VWV2,462,76
01GWZ7KF011E8ACXNXJDXVMTDZ,880,44
01GWZ7KF011E8ACXNXJDXVMTDZ,973,19
01GWZ7KF011E8ACXNXJDXVMTDZ,535,62
01GWZ7KF04WTFG0Z5MM684XZTZ,620,20
01GWZ7KF04WTFG0Z5MM684XZTZ,309,12
01GWZ7KF04PMTV74AA1809DRAT,262,65
01GWZ7KF04PMTV74AA1809DRAT,752,3
01GWZ7KF04PMTV74AA1809DRAT,183,21
01GWZ7KF07E00E26G3HZCERZMJ,991,99
01GWZ7KF07E00E26G3HZCERZMJ,265,71
01GWZ7KF08K0N2MG6XXHB3SCGM,155,52
01GWZ7KF08K0N2MG6XXHB3SCGM,299,29
01GWZ7KF08K0N2MG6XXHB3SCGM,453,100
01GWZ7KF0ATNVYXJ7MX6T85RWR,890,59
01GWZ7KF0ATNVYXJ7MX6T85RWR,515,75
01GWZ7KF0CD5ENSV1DBG21QQKW,26,56
01GWZ7KF0CD5ENSV1DBG21QQKW,265,6
01GWZ7KF0CD5ENSV1DBG21QQKW,789,1
01GWZ7KF0DGW3JZ56A316XT9DN,961,73
01GWZ7KF0DGW3JZ56A316XT9DN,854,55
01GWZ7KF0F2HATFZPZ5HJ4PMCW,931,77
01GWZ7KF0F2HATFZPZ5HJ4PMCW,702,55
01GWZ7KF0F2HATFZPZ5HJ4PMCW,319,32
01GWZ7KF0JKBJC12RQYR3PN9TM,483,91
01GWZ7KF0JKBJC12RQYR3PN9TM,575,19
01GWZ7KF0JFXJVDKS2C8A2NPG5,671,82
01GWZ7KF0JFXJVDKS2C8A2NPG5,711,44
01GWZ7KF0JFXJVDKS2C8A2NPG5,699,68
01GWZ7KF0NHRKBP2W8A4SBF7XY,627,57
01GWZ7KF0NHRKBP2W8A4SBF7XY,1,44
01GWZ7KF0R53XYMJDSMV0ZTJAP,937,76
01GWZ7KF0R53XYMJDSMV0ZTJAP,324,64
01GWZ7KF0R53XYMJDSMV0ZTJAP,647,4
01GWZ7KF0SV30J6WM9G0REMP32,712,91
01GWZ7KF0SV30J6WM9G0REMP32,570,70
01GWZ7KF0VGZRPWX3NF39TEHMC,662,9
01GWZ7KF0VGZRPWX3NF39TEHMC,927,17
01GWZ7KF0VGZRPWX3NF39TEHMC,36,24
01GWZ7KF0XJM4J93VJA175FMHB,363,62
01GWZ7KF0XJM4J93VJA175FMHB,890,30
01GWZ7KF0ZWHSCZY2CKESW4TAV,528,95
01GWZ7KF0ZWHSCZY2CKESW4TAV,885,87
01GWZ7KF0ZWHSCZY2CKESW4TAV,887,28
01GWZ7KF11ENKM3W859YREQG8H,368,68
01GWZ7KF11ENKM3W859YREQG8H,480,19
01GWZ7KF1335WH02BWQQP99GBM,859,58
01GWZ7KF1335WH02BWQQP99GBM,933,81
01GWZ7KF1335WH02BWQQP99GBM,42,9
01GWZ7KF14AEVZAJNBJNCW9VEB,755,23
01GWZ7KF14AEVZAJNBJNCW9VEB,423,84
01GWZ7KF16BN74SEQSAG8KNBTS,313,18
01GWZ7KF16BN74SEQSAG8KNBTS,288,37
01GWZ7KF16BN74SEQSAG8KNBTS,228,1
01GWZ7KF17K9VZCCHRQCPGHNSP,254,52
01GWZ7KF17K9VZCCHRQCPGHNSP,697,16
01GWZ7KF19JND4RD2NJ46QBWGA,896,11
01GWZ7KF19JND4RD2NJ46QBWGA,90,51
01GWZ7KF19JND4RD2NJ46QBWGA,921,3
01GWZ7KF1BVZD76KT5FYE6ZVQ4,67,2
01GWZ7KF1BVZD76KT5FYE6ZVQ4,142,72
01GWZ7KF1CWXY1Y7VZYG6ZNSZ3,323,34
01GWZ7KF1CWXY1Y7VZYG6ZNSZ3,498,30
01GWZ7KF1CWXY1Y7VZYG6ZNSZ3,436,82
01GWZ7KF1E62VT2ZQ79683YJ6X,678,3
01GWZ7KF1E62VT2ZQ79683YJ6X,966,53
01GWZ7KF1G23A4YTFV26BVE6X5,703,75
01GWZ7KF1G23A4YTFV26BVE6X5,427,52
01GWZ7KF1G23A4YTFV26BVE6X5,598,62
01GWZ7KF1HP65AV3N19RGRZPT8,812,72
01GWZ7KF1HP65AV3N19RGRZPT8,197,86
01GWZ7KF1KW3CZNXWTJGMJS6F5,877,22
01GWZ7KF1KW3CZNXWTJGMJS6F5,451,89
01GWZ7KF1KW3CZNXWTJGMJS6F5,944,89
01GWZ7KF1N0MTR88KTRG0KM8HR,314,39
01GWZ7KF1N0MTR88KTRG0KM8HR,980,45
01GWZ7KF1PW68D1VMQ0P74M9DW,475,64
01GWZ7KF1PW68D1VMQ0P74M9DW,810,55
01GWZ7KF1PW68D1VMQ0P74M9DW,890,40
01GWZ7KF1QVQBE2PRC2PTFKB4V,340,40
01GWZ7KF1QVQBE2PRC2PTFKB4V,856,14
01GWZ7KF1SV814XVSRKNVPA0XF,142,49
01GWZ7KF1SV814XVSRKNVPA0XF,537,48
01GWZ7KF1SV814XVSRKNVPA0XF,619,94
01GWZ7KF1T632KPECMNCJWPN05,509,76
01GWZ7KF1T632KPECMNCJWPN05,774,90
01GWZ7KF1T632KPECMNCJWPN05,546,9
01GWZ7KF1WV6QABQM64DQ52HHS,414,63
01GWZ7KF1WV6QABQM64DQ52HHS,41,50
01GWZ7KF1YRES8T664TVB6VADW,415,5
01GWZ7KF1YRES8T664TVB6VADW,75,72
01GWZ7KF1YRES8T664TVB6VADW,529,30
01GWZ7KF21E9STQP13YXJG3833,346,18
01GWZ7KF21E9STQP13YXJG3833,168,63
01GWZ7KF23TQDY82HJ6ZGJMTD6,21,17
01GWZ7KF23TQDY82HJ6ZGJMTD6,539,19
01GWZ7KF23TQDY82HJ6ZGJMTD6,922,39
01GWZ7KF25JG7GDQ9TQHTBC8C4,272,33
01GWZ7KF25JG7GDQ9TQHTBC8C4,880,57
01GWZ7KF25JG7GDQ9TQHTBC8C4,721,32
01GWZ7KF27H6AG5TVXARC34E9V,681,85
01GWZ7KF27H6AG5TVXARC34E9V,690,50
01GWZ7KF28V45QS0QH98R62SMX,719,49
01GWZ7KF28V45QS0QH98R62SMX,229,52
01GWZ7KF28V45QS0QH98R62SMX,609,68
01GWZ7KF2AFB7MFGQFNZ1AF0MP,51,97
01GWZ7KF2AFB7MFGQFNZ1AF0MP,511,30
01GWZ7KF2CZ0ACEK2F2CXQBH1R,507,91
01GWZ7KF2CZ0ACEK2F2CXQBH1R,937,48
01GWZ7KF2CZ0ACEK2F2CXQBH1R,467,77
01GWZ7KF2DTKFQ9ZQ3H47VJSC4,177,92
01GWZ7KF2DTKFQ9ZQ3H47VJSC4,703,3
01GWZ7KF2FV0ANKN0771S4EXXQ,1,76
01GWZ7KF2FV0ANKN0771S4EXXQ,445,64
01GWZ7KF2FV0ANKN0771S4EXXQ,403,55
01GWZ7KF2HG99WVV5AQMYSTV4N,160,52
01GWZ7KF2HG99WVV5AQMYSTV4N,236,2
01GWZ7KF2MT2V6ABDJ0AN76YJJ,582,63
01GWZ7KF2MT2V6ABDJ0AN76YJJ,486,51
01GWZ7KF2MT2V6ABDJ0AN76YJJ,719,89
01GWZ7KF2QN2AQXDCJ5YSYESBH,79,53
01GWZ7KF2QN2AQXDCJ5YSYESBH,995,26
01GWZ7KF2RV2CNCEN93RWDDZRT,458,4
01GWZ7KF2RV2CNCEN93RWDDZRT,870,38
01GWZ7KF2RV2CNCEN93RWDDZRT,304,77
01GWZ7KF2TTT204AZWBPE224RF,250,60
01GWZ7KF2TTT204AZWBPE224RF,50,74
01GWZ7KF2VET6G5274DGA1K4QB,19,49
01GWZ7KF2VET6G5274DGA1K4QB,663,31
01GWZ7KF2VET6G5274DGA1K4QB,89,55
01GWZ7KF2XR7MNDSKC4S9N9WMB,297,81
01GWZ7KF2XR7MNDSKC4S9N9WMB,158,41
01GWZ7KF2Z3173K3DGQ6K92G8S,974,29
01GWZ7KF2Z3173K3DGQ6K92G8S,844,14
01GWZ7KF2Z3173K3DGQ6K92G8S,578,30
01GWZ7KF329AT5SK73HW9MCDBG,635,64
01GWZ7KF329AT5SK73HW9MCDBG,938,95
01GWZ7KF347NS54DS36XTKV5AT,959,43
01GWZ7KF347NS54DS36XTKV5AT,901,71
01GWZ7KF347NS54DS36XTKV5AT,377,64
01GWZ7KF3646XD467ZA4AENJVX,537,93
01GWZ7KF3646XD467ZA4AENJVX,666,91
01GWZ7KF38PB89F0963Q3JH7DA,903,41
01GWZ7KF38PB89F0963Q3JH7DA,72,78
01GWZ7KF38PB89F0963Q3JH7DA,855,74
01GWZ7KF3A84YYT6QBF78RPFS5,773,25
01GWZ7KF3A84YYT6QBF78RPFS5,999,53
01GWZ7KF3C9WFF67GT2WKV1F0H,271,5
01GWZ7KF3C9WFF67GT2WKV1F0H,331,8
01GWZ7KF3DNXVETM8ENZ503Z7W,363,3
01GWZ7KF3DNXVETM8ENZ503Z7W,261,56
01GWZ7KF3DNXVETM8ENZ503Z7W,962,40
01GWZ7KF3GSFE1AW65JK1DK275,447,74
01GWZ7KF3GSFE1AW65JK1DK275,831,62
01GWZ7KF3KTES4BVYEP4BRDJQD,160,15
01GWZ7KF3KTES4BVYEP4BRDJQD,433,45
01GWZ7KF3KTES4BVYEP4BRDJQD,951,27
01GWZ7KF3M30AXZN84NSV9RKWF,888,30
01GWZ7KF3M30AXZN84NSV9RKWF,517,24
01GWZ7KF3M30AXZN84NSV9RKWF,105,38
01GWZ7KF3P9THC757M773Q9QEA,222,7
01GWZ7KF3P9THC757M773Q9QEA,993,80
01GWZ7KF3PW528SE1WGYAKD41F,955,10
01GWZ7KF3PW528SE1WGYAKD41F,364,97
01GWZ7KF3PW528SE1WGYAKD41F,498,8
01GWZ7KF3R7Q5WZETZ23RQ426V,757,96
01GWZ7KF3R7Q5WZETZ23RQ426V,123,55
01GWZ7KF3T9ATBR7XWF7C4FTZ3,31,38
01GWZ7KF3T9ATBR7XWF7C4FTZ3,506,36
01GWZ7KF3T9ATBR7XWF7C4FTZ3,900,82
01GWZ7KFQ1ND9HHM271KQVHH1J,422,38
01GWZ7KFQ1ND9HHM271KQVHH1J,351,36
01GWZ7KFQ4T0X3SGFKQB24NMKZ,924,48
01GWZ7KFQ4T0X3SGFKQB24NMKZ,41,34
01GWZ7KFQ4T0X3SGFKQB24NMKZ,150,22
01GWZ7KFQ5KMZ5H0AKXRSZPJXJ,719,1
01GWZ7KFQ5KMZ5H0AKXRSZPJXJ,585,33
01GWZ7KFQ65GJDE07TZBEA7T09,308,23
01GWZ7KFQ65GJDE07TZBEA7T09,636,76
01GWZ7KFQ65GJDE07TZBEA7T09,550,2
01GWZ7KFQ8VQ65S2WVG60VC76W,876,13
01GWZ7KFQ8VQ65S2WVG60VC76W,598,48
01GWZ7KFQ8F3D1B2MGDRHZFH64,259,48
01GWZ7KFQ8F3D1B2MGDRHZFH64,923,85
01GWZ7KFQ8F3D1B2MGDRHZFH64,478,40
01GWZ7KFQ9S5XYC23EN9ETBVEN,223,2
01GWZ7KFQ9S5XYC23EN9ETBVEN,464,93
01GWZ7KFQAWAK0HZNXHNV9K62R,520,10
01GWZ7KFQAWAK0HZNXHNV9K62R,342,10
01GWZ7KFQAWAK0HZNXHNV9K62R,556,63
01GWZ7KFQBA07Q7NZWA3P6ADX8,863,7
01GWZ7KFQBA07Q7NZWA3P6ADX8,214,100
01GWZ7KFQCNYB7CCZ4ZTSGHK3E,932,13
01GWZ7KFQCNYB7CCZ4ZTSGHK3E,263,86
01GWZ7KFQCNYB7CCZ4ZTSGHK3E,807,4
01GWZ7KFQD7QKT028M6ZY7Z1WJ,995,39
01GWZ7KFQD7QKT028M6ZY7Z1WJ,973,41
01GWZ7KFQE4V5HTDPW9QDPW2GK,982,84
01GWZ7KFQE4V5HTDPW9QDPW2GK,828,50
01GWZ7KFQE4V5HTDPW9QDPW2GK,570,95
01GWZ7KFQFRFHRY1P81JZSRQ9M,147,54
01GWZ7KFQFRFHRY1P81JZSRQ9M,236,18
01GWZ7KFQF607VF4JWTJ3XBXNR,448,42
01GWZ7KFQF607VF4JWTJ3XBXNR,834,91
01GWZ7KFQF607VF4JWTJ3XBXNR,747,3
01GWZ7KFQHWP6TTGK6PNSYX8A9,570,32
01GWZ7KFQHWP6TTGK6PNSYX8A9,417,8
01GWZ7KFQJREQ2BNSBRB0Q4AKN,790,28
01GWZ7KFQJREQ2BNSBRB0Q4AKN,154,86
01GWZ7KFQJREQ2BNSBRB0Q4AKN,557,45
01GWZ7KFQKVGQ9NJG6DND8A0D5,632,81
01GWZ7KFQKVGQ9NJG6DND8A0D5,619,84
01GWZ7KFQMNKCW72XFXH2CBJJS,91,52
01GWZ7KFQMNKCW72XFXH2CBJJS,119,6
01GWZ7KFQMNKCW72XFXH2CBJJS,399,96
01GWZ7KFQNKV1SH7TYHVZM3SXA,723,25
01GWZ7KFQNKV1SH7TYHVZM3SXA,352,32
01GWZ7KFQPPAEDWPCJD75T6TRG,632,56
01GWZ7KFQPPAEDWPCJD75T6TRG,383,62
01GWZ7KFQPPAEDWPCJD75T6TRG,701,9
01GWZ7KFQQ22FJMQDJES3DHXCZ,740,2
01GWZ7KFQQ22FJMQDJES3DHXCZ,865,25
01GWZ7KFQRSJSKSC4PP9S6E69M,289,52
01GWZ7KFQRSJSKSC4PP9S6E69M,297,94
01GWZ7KFQRSJSKSC4PP9S6E69M,854,20
01GWZ7KFQSV5NXQ6C7DAGDMH9M,574,24
01GWZ7KFQSV5NXQ6C7DAGDMH9M,62,59
01GWZ7KFQTDHZGRPWHQFZTSQR5,706,88
01GWZ7KFQTDHZGRPWHQFZTSQR5,28,96
01GWZ7KFQTDHZGRPWHQFZTSQR5,174,33
01GWZ7KFQV8NABRZ2158Q68MQZ,216,49
01GWZ7KFQV8NABRZ2158Q68MQZ,526,30
01GWZ7KFQWF7TCS73FYK887RZP,248,75
01GWZ7KFQWF7TCS73FYK887RZP,198,57
01GWZ7KFQWF7TCS73FYK887RZP,21,1
01GWZ7KFQXX0VMJGHYJEEW61RG,856,2
01GWZ7KFQXX0VMJGHYJEEW61RG,319,38
01GWZ7KFQY3RMJJJJBYD6DTPNS,858,88
01GWZ7KFQY3RMJJJJBYD6DTPNS,159,15
01GWZ7KFQY3RMJJJJBYD6DTPNS,213,29
01GWZ7KFQYMNY06QPYWR7R4RWV,939,96
01GWZ7KFQYMNY06QPYWR7R4RWV,306,94
01GWZ7KFQZFN643G2NWXD7G6QE,435,60
01GWZ7KFQZFN643G2NWXD7G6QE,100,23
01GWZ7KFQZFN643G2NWXD7G6QE,612,87
01GWZ7KFR0TYS9G8AXZSJCW6TT,973,86
01GWZ7KFR0TYS9G8AXZSJCW6TT,49,62
01GWZ7KFR1ECD0345VCPNN9VBC,294,83
01GWZ7KFR1ECD0345VCPNN9VBC,341,5
01GWZ7KFR1ECD0345VCPNN9VBC,398,3
01GWZ7KFR22NE0Z7CE8PN5ZZRB,492,40
01GWZ7KFR22NE0Z7CE8PN5ZZRB,983,17
01GWZ7KFR3E26D4R1SPPAQ3H09,672,43
01GWZ7KFR3E26D4R1SPPAQ3H09,860,77
01GWZ7KFR3E26D4R1SPPAQ3H09,444,76
01GWZ7KFR36Q5DVE04VG5JM1TS,466,44
01GWZ7KFR36Q5DVE04VG5JM1TS,186,4
01GWZ7KFR5PQG22J2GB0JBYPY2,171,35
01GWZ7KFR5PQG22J2GB0JBYPY2,629,44
01GWZ7KFR5PQG22J2GB0JBYPY2,209,18
01GWZ7KFR6H6V7X3QAS0RFBRCV,588,72
01GWZ7KFR6H6V7X3QAS0RFBRCV,92,38
01GWZ7KFR7YV2QTB77D2RDSZZ0,616,59
01GWZ7KFR7YV2QTB77D2RDSZZ0,727,47
01GWZ7KFR7YV2QTB77D2RDSZZ0,414,1
01GWZ7KFR8ZK8M2KKTX22A1WS2,563,43
01GWZ7KFR8ZK8M2KKTX22A1WS2,35,2
01GWZ7KFR8GVVQTMJ3CGTNMZ8Q,564,22
01GWZ7KFR8GVVQTMJ3CGTNMZ8Q,221,83
01GWZ7KFR8GVVQTMJ3CGTNMZ8Q,391,71
01GWZ7KFR91E1WKTZW1FJ773PT,455,100
01GWZ7KFR91E1WKTZW1FJ773PT,884,82
01GWZ7KFRA7SCEPJPBZXX5RKKC,319,94
01GWZ7KFRA7SCEPJPBZXX5RKKC,774,26
01GWZ7KFRA7SCEPJPBZXX5RKKC,488,59
01GWZ7KFRBJBPNEWQVHHQJBV5P,570,73
01GWZ7KFRBJBPNEWQVHHQJBV5P,691,61
01GWZ7KFRC2PKYB5FF3T397G90,235,72
01GWZ7KFRC2PKYB5FF3T397G90,373,1
01GWZ7KFRC2PKYB5FF3T397G90,553,39
01GWZ7KFRCX1XRVFNRRA2TBE99,775,95
01GWZ7KFRCX1XRVFNRRA2TBE99,219,49
01GWZ7KFRDX7XDCNH4Q9P6AGAN,536,27
01GWZ7KFRDX7XDCNH4Q9P6AGAN,315,49
01GWZ7KFRDX7XDCNH4Q9P6AGAN,262,87
01GWZ7KFRET60NFPF9R54YQNP3,215,59
01GWZ7KFRET60NFPF9R54YQNP3,392,28
01GWZ7KFRET60NFPF9R54YQNP3,987,83
01GWZ7KFRFJJSZR55VVGD1Y16M,36,74
01GWZ7KFRFJJSZR55VVGD1Y16M,896,90
01GWZ7KFRGGVM07DWSDGNDTRTD,771,41
01GWZ7KFRGGVM07DWSDGNDTRTD,576,5
01GWZ7KFRGGVM07DWSDGNDTRTD,497,45
01GWZ7KFRH0YZS9N13CK0XS8ZQ,39,94
01GWZ7KFRH0YZS9N13CK0XS8ZQ,345,17
01GWZ7KFRHHH2CRPE5H901J79F,4,98
01GWZ7KFRHHH2CRPE5H901J79F,778,23
01GWZ7KFRHHH2CRPE5H901J79F,299,66
01GWZ7KFRJX77KTWFHSMXQCEQY,881,25
01GWZ7KFRJX77KTWFHSMXQCEQY,77,67
01GWZ7KFRKZ06JKXNPGHSJD1E9,705,58
01GWZ7KFRKZ06JKXNPGHSJD1E9,411,45
01GWZ7KFRKZ06JKXNPGHSJD1E9,19,11
01GWZ7KFRMNYF5EEQ3NZZWVC9A,919,9
01GWZ7KFRMNYF5EEQ3NZZWVC9A,474,83
01GWZ7KFRNEXWDWHH6V5E4X8D8,292,89
01GWZ7KFRNEXWDWHH6V5E4X8D8,804,31
01GWZ7KFRNEXWDWHH6V5E4X8D8,687,27
01GWZ7KFRPB6YB3VVTHDXTF6DQ,912,97
01GWZ7KFRPB6YB3VVTHDXTF6DQ,954,9
01GWZ7KFRQ5EZT5FBPH902YT24,110,79
01GWZ7KFRQ5EZT5FBPH902YT24,150,76
01GWZ7KFRQ5EZT5FBPH902YT24,136,50
01GWZ7KFRRZBZ4QYS7YTNRNAS9,6,97
01GWZ7KFRRZBZ4QYS7YTNRNAS9,485,12
01GWZ7KFRSXZW8E6JVC2BQRB4V,60,52
01GWZ7KFRSXZW8E6JVC2BQRB4V,704,32
01GWZ7KFRSXZW8E6JVC2BQRB4V,239,80
01GWZ7KFRTZQCAANTJAXSCM2V6,76,49
01GWZ7KFRTZQCAANTJAXSCM2V6,404,79
01GWZ7KFRVHYF0BK54ZWNM7Z72,778,17
01GWZ7KFRVHYF0BK54ZWNM7Z72,224,1
01GWZ7KFRVHYF0BK54ZWNM7Z72,923,91
01GWZ7KFRVQCZ6A45X06RPZ3TE,118,90
01GWZ7KFRVQCZ6A45X06RPZ3TE,217,12
01GWZ7KFRWSXD0VKEBGRCX5WTY,973,77
01GWZ7KFRWSXD0VKEBGRCX5WTY,905,6
01GWZ7KFRWSXD0VKEBGRCX5WTY,685,36
01GWZ7KFRXYSE8MG53X0RR0XAP,942,13
01GWZ7KFRXYSE8MG53X0RR0XAP,98,63
01GWZ7KFRYRYSAE1ZHSP76WVSP,949,30
01GWZ7KFRYRYSAE1ZHSP76WVSP,687,90
01GWZ7KFRYRYSAE1ZHSP76WVSP,228,4
01GWZ7KFRYHY7GMQFBFZKZJ365,263,68
01GWZ7KFRYHY7GMQFBFZKZJ365,936,29
01GWZ7KFS07QDWEZ7DJ0KGSNR6,998,38
01GWZ7KFS07QDWEZ7DJ0KGSNR6,536,42
01GWZ7KFS07QDWEZ7DJ0KGSNR6,657,67
01GWZ7KFS151KA0ERM1PSYTSTN,22,59
01GWZ7KFS151KA0ERM1PSYTSTN,933,68
01GWZ7KFS3B85TQS5Z6N0JVXMH,110,86
01GWZ7KFS3B85TQS5Z6N0JVXMH,794,85
01GWZ7KFS3B85TQS5Z6N0JVXMH,610,22
01GWZ7KFS46A6DFYXC2BTVRZG5,550,30
01GWZ7KFS46A6DFYXC2BTVRZG5,444,100
01GWZ7KFS6HTCYZ658EG5XG57Z,790,61
01GWZ7KFS6HTCYZ658EG5XG57Z,832,42
01GWZ7KFS6HTCYZ658EG5XG57Z,530,29
01GWZ7KFS7AXH88WJP45GM71KP,374,57
01GWZ7KFS7AXH88WJP45GM71KP,62,68
01GWZ7KFS89QK78M434Y6PD4MB,370,87
01GWZ7KFS89QK78M434Y6PD4MB,705,30
01GWZ7KFS89QK78M434Y6PD4MB,304,16
01GWZ7KFS80DG6VET1KX7671Q0,749,54
01GWZ7KFS80DG6VET1KX7671Q0,282,61
01GWZ7KFSADY21JHNYR56HZWDV,301,53
01GWZ7KFSADY21JHNYR56HZWDV,759,86
01GWZ7KFSADY21JHNYR56HZWDV,445,53
01GWZ7KFSA9EVB5FTZ2T6VSXH4,659,41
01GWZ7KFSA9EVB5FTZ2T6VSXH4,160,43
01GWZ7KFSCPYB5GMF1A5HJ1EAF,463,60
01GWZ7KFSCPYB5GMF1A5HJ1EAF,410,53
01GWZ7KFSCPYB5GMF1A5HJ1EAF,59,47
01GWZ7KFSDA4RXYGHFWAFTCGMS,847,5
01GWZ7KFSDA4RXYGHFWAFTCGMS,278,3
01GWZ7KFSFNN8EWKSXV4AHMSZC,604,92
01GWZ7KFSFNN8EWKSXV4AHMSZC,235,74
01GWZ7KFSFNN8EWKSXV4AHMSZC,941,39
01GWZ7KFSG5TXZ32JX4DQNBMG5,966,51
01GWZ7KFSG5TXZ32JX4DQNBMG5,489,82
01GWZ7KFSJNH9W81M64Z1JVBC7,205,93
01GWZ7KFSJNH9W81M64Z1JVBC7,954,40
01GWZ7KFSJNH9W81M64Z1JVBC7,153,70
01GWZ7KFSKDEXNFYAGY771CY2W,46,37
01GWZ7KFSKDEXNFYAGY771CY2W,314,1
01GWZ7KFSNEJJSJ73S8T2SDQSN,640,75
01GWZ7KFSNEJJSJ73S8T2SDQSN,784,7
01GWZ7KFSNEJJSJ73S8T2SDQSN,108,30
01GWZ7KFSPHKVYTRRGCAHPQWQT,697,72
01GWZ7KFSPHKVYTRRGCAHPQWQT,386,22
01GWZ7KFSR5YW4K2TXJVNQ3240,221,68
01GWZ7KFSR5YW4K2TXJVNQ3240,608,88
01GWZ7KFSR5YW4K2TXJVNQ3240,562,57
01GWZ7KFSSYW3WXEHF74AMP3MY,287,38
01GWZ7KFSSYW3WXEHF74AMP3MY,859,87
01GWZ7KFSTPP4DY06ABXG5YWPM,451,43
01GWZ7KFSTPP4DY06ABXG5YWPM,286,33
01GWZ7KFSTPP4DY06ABXG5YWPM,795,31
01GWZ7KFSVFWQHFAVVVTKGN6YS,825,18
01GWZ7KFSVFWQHFAVVVTKGN6YS,962,50
01GWZ7KFSVWAQK0Z23HHR0CYHR,328,98
01GWZ7KFSVWAQK0Z23HHR0CYHR,576,35
01GWZ7KFSVWAQK0Z23HHR0CYHR,299,9
01GWZ7KFSXJP38AN9XDR85AEFM,901,14
01GWZ7KFSXJP38AN9XDR85AEFM,624,9
01GWZ7KFSY6NJ2G7ZS7ZRKR568,575,76
01GWZ7KFSY6NJ2G7ZS7ZRKR568,947,64
01GWZ7KFSY6NJ2G7ZS7ZRKR568,840,2
01GWZ7KFSWPM8098MJJP09VX79,910,69
01GWZ7KFSWPM8098MJJP09VX79,890,5
01GX1XA24HNQENV2A1DBD9NDFN,197,55
01GWZ7KFSY066J6QFAH9PSGTZ9,657,80
01GWZ7KFSY066J6QFAH9PSGTZ9,715,58
01GWZ7KFSY066J6QFAH9PSGTZ9,361,35
01GWZ7KFSZZQX5BWEG4VXQHBTW,795,84
01GWZ7KFSZZQX5BWEG4VXQHBTW,430,67
01GWZ7KFT0GQ0MY1NAWM7ZM3KZ,409,5
01GWZ7KFT0GQ0MY1NAWM7ZM3KZ,764,56
01GWZ7KFT0GQ0MY1NAWM7ZM3KZ,624,59
01GWZ7KFT1F1FFQ4ZVJW0BBD1N,655,79
01GWZ7KFT1F1FFQ4ZVJW0BBD1N,572,2
01GWZ7KFT197VZAE3N8KV035A8,300,57
01GWZ7KFT197VZAE3N8KV035A8,222,29
01GWZ7KFT197VZAE3N8KV035A8,262,52
01GWZ7KFT29NWQHY5TH0VPRRM0,995,84
01GWZ7KFT29NWQHY5TH0VPRRM0,476,6
01GWZ7KFT3SY0N1X2RXN7C6916,302,7
01GWZ7KFT3SY0N1X2RXN7C6916,919,11
01GWZ7KFT3SY0N1X2RXN7C6916,184,94
01GWZ7KFT4HVF24JJJG2EVGVHD,756,17
01GWZ7KFT4HVF24JJJG2EVGVHD,257,69
01GWZ7KFT4A9EZ6AYMHABF11N0,209,62
01GWZ7KFT4A9EZ6AYMHABF11N0,7,45
01GWZ7KFT4A9EZ6AYMHABF11N0,483,46
01GWZ7KFT5K30SXMED650DFDFV,925,89
01GWZ7KFT5K30SXMED650DFDFV,40,63
01GWZ7KFT6250W0HR2XSJHN6RZ,837,22
01GWZ7KFT6250W0HR2XSJHN6RZ,509,68
01GWZ7KFT6250W0HR2XSJHN6RZ,83,36
01GWZ7KFT7C0FT27FW54VX32CH,217,6
01GWZ7KFT7C0FT27FW54VX32CH,796,48
01GWZ7KFT7S00EG5D55H3K2FV2,915,9
01GWZ7KFT7S00EG5D55H3K2FV2,348,10
01GWZ7KFT7S00EG5D55H3K2FV2,901,80
01GWZ7KFT8EXJHF15KXATYR6B3,116,43
01GWZ7KFT8EXJHF15KXATYR6B3,253,73
01GWZ7KFT9MXVX829CN3R8G5EN,991,1
01GWZ7KFT9MXVX829CN3R8G5EN,750,71
01GWZ7KFT9MXVX829CN3R8G5EN,388,12
01GWZ7KFTA6NENS7PNVB091RHW,98,81
01GWZ7KFTA6NENS7PNVB091RHW,114,25
01GWZ7KFTAVSN3KMPS4BMSVH5K,751,100
01GWZ7KFTAVSN3KMPS4BMSVH5K,533,75
01GWZ7KFTAVSN3KMPS4BMSVH5K,381,19
01GWZ7KFTB6QX1G9C95JH8PG1X,349,36
01GWZ7KFTB6QX1G9C95JH8PG1X,565,28
01GWZ7KFTCH3CAT83CDQM6KSS5,803,96
01GWZ7KFTCH3CAT83CDQM6KSS5,255,91
01GWZ7KFTCH3CAT83CDQM6KSS5,242,30
01GWZ7KFTCPMJPEBBHK0XGEBQF,554,29
01GWZ7KFTCPMJPEBBHK0XGEBQF,591,46
01GWZ7KFTDCPYM1BZBF66Z6EWH,793,96
01GWZ7KFTDCPYM1BZBF66Z6EWH,916,23
01GWZ7KFTDCPYM1BZBF66Z6EWH,515,17
01GWZ7KFTE1Z76DZ8FPR0Z0RQM,624,93
01GWZ7KFTE1Z76DZ8FPR0Z0RQM,955,63
01GWZ7KFTFQW9DXKE75D0AGTNP,587,67
01GWZ7KFTFQW9DXKE75D0AGTNP,822,2
01GWZ7KFTFQW9DXKE75D0AGTNP,565,27
01GWZ7KFTFDKJ8PYV8R6ERGZ5X,827,74
01GWZ7KFTFDKJ8PYV8R6ERGZ5X,302,58
01GWZ7KFTGQ0YSX2BDW9CZ6SG5,159,66
01GWZ7KFTGQ0YSX2BDW9CZ6SG5,499,38
01GWZ7KFTGQ0YSX2BDW9CZ6SG5,956,7
01GWZ7KFTH7WM6HVXKQ4PK87CB,726,24
01GWZ7KFTH7WM6HVXKQ4PK87CB,836,40
01GWZ7KFTH9QXKNTJPEBAEFFMW,32,93
01GWZ7KFTH9QXKNTJPEBAEFFMW,245,6
01GWZ7KFTH9QXKNTJPEBAEFFMW,79,57
01GWZ7KFTJ906TD6YCKES4TAE7,319,90
01GWZ7KFTJ906TD6YCKES4TAE7,942,80
01GWZ7KFTKGRQE61EP93HZZ3AP,132,26
01GWZ7KFTKGRQE61EP93HZZ3AP,499,91
01GWZ7KFTKGRQE61EP93HZZ3AP,280,87
01GWZ7KFTMM6D7DY18GRC0T10B,536,92
01GWZ7KFTMM6D7DY18GRC0T10B,207,95
01GWZ7KFTMXSJ3A9Z5E8Y46WRF,773,61
01GWZ7KFTMXSJ3A9Z5E8Y46WRF,648,85
01GWZ7KFTMXSJ3A9Z5E8Y46WRF,921,15
01GWZ7KFTNMAZRZ6JY467JDR0C,829,31
01GWZ7KFTNMAZRZ6JY467JDR0C,787,45
01GWZ7KFTPDV5YPTAJ3FNH0EYB,190,25
01GWZ7KFTPDV5YPTAJ3FNH0EYB,561,33
01GWZ7KFTPDV5YPTAJ3FNH0EYB,130,95
01GWZ7KFTP8TR8RY9HW3P69RMM,612,20
01GWZ7KFTP8TR8RY9HW3P69RMM,348,30
01GWZ7KFTQGJYB32EX730FRF2Y,709,39
01GWZ7KFTQGJYB32EX730FRF2Y,792,59
01GWZ7KFTQGJYB32EX730FRF2Y,615,16
01GWZ7KFTRMDW1W90NG550W092,621,14
01GWZ7KFTRMDW1W90NG550W092,104,39
01GWZ7KFTR9S69N4GV4BWAER6X,450,78
01GWZ7KFTR9S69N4GV4BWAER6X,307,39
01GWZ7KFTR9S69N4GV4BWAER6X,392,88
01GWZ7KFTSJE32CRSKT4FEMV9T,896,62
01GWZ7KFTSJE32CRSKT4FEMV9T,938,26
01GWZ7KFTTV81XGR0PGCZN1SC0,886,19
01GWZ7KFTTV81XGR0PGCZN1SC0,567,7
01GWZ7KFTTV81XGR0PGCZN1SC0,158,66
01GWZ7KFTVV4MCX8VC3VSYPWGD,261,34
01GWZ7KFTVV4MCX8VC3VSYPWGD,766,21
01GWZ7KFTV5ERMHBN8D5E0N106,845,9
01GWZ7KFTV5ERMHBN8D5E0N106,56,62
01GWZ7KFTV5ERMHBN8D5E0N106,662,57
01GWZ7KFTW8BPMG5R1A8BYB9R9,333,70
01GWZ7KFTW8BPMG5R1A8BYB9R9,833,89
01GWZ7KFTXQP6V2A1571YVNBT6,961,65
01GWZ7KFTXQP6V2A1571YVNBT6,707,90
01GWZ7KFTXQP6V2A1571YVNBT6,779,8
01GWZ7KFTY2C3TD8BE7X8NCE2G,689,8
01GWZ7KFTY2C3TD8BE7X8NCE2G,128,19
01GWZ7KFTYBAEXEK0FB9F4JXZ4,109,35
01GWZ7KFTYBAEXEK0FB9F4JXZ4,805,53
01GWZ7KFTYBAEXEK0FB9F4JXZ4,614,40
01GWZ7KFTZAXME025DXB8NYZ5E,774,78
01GWZ7KFTZAXME025DXB8NYZ5E,485,62
01GWZ7KFV0MKPMWFTVTRT17XYP,353,84
01GWZ7KFV0MKPMWFTVTRT17XYP,74,18
01GWZ7KFV0MKPMWFTVTRT17XYP,919,36
01GWZ7KFV1MJPQZ68N9B79GN80,1000,56
01GWZ7KFV1MJPQZ68N9B79GN80,253,87
01GWZ7KFV1W0XVMWJYJSRS42NB,708,100
01GWZ7KFV1W0XVMWJYJSRS42NB,861,28
01GWZ7KFV1W0XVMWJYJSRS42NB,262,35
01GWZ7KFV2ZB9247D7713H08F2,181,63
01GWZ7KFV2ZB9247D7713H08F2,272,22
01GWZ7KFV2ZB9247D7713H08F2,976,36
01GWZ7KFV3Z40DWHK4F4B1X7MH,835,63
01GWZ7KFV3Z40DWHK4F4B1X7MH,579,28
01GWZ7KFV31GVAVWWTWBW1QDE9,342,62
01GWZ7KFV31GVAVWWTWBW1QDE9,910,62
01GWZ7KFV31GVAVWWTWBW1QDE9,645,57
01GWZ7KFV4C48TW750JBNK5MTT,449,14
01GWZ7KFV4C48TW750JBNK5MTT,49,99
01GWZ7KFV5R52X0J06QNM4DP7S,513,12
01GWZ7KFV5R52X0J06QNM4DP7S,364,82
01GWZ7KFV5R52X0J06QNM4DP7S,917,19
01GWZ7KFV6262QBC7VMHKYD4X5,32,33
01GWZ7KFV6262QBC7VMHKYD4X5,99,18
01GWZ7KFV6V8C1XRK4DJB7BHZ0,956,48
01GWZ7KFV6V8C1XRK4DJB7BHZ0,877,92
01GWZ7KFV6V8C1XRK4DJB7BHZ0,529,15
01GWZ7KFV7RNE8DYVNWWHRNH0H,939,47
01GWZ7KFV7RNE8DYVNWWHRNH0H,311,93
01GWZ7KFV84S0C4H5GG8M9MW3T,274,73
01GWZ7KFV84S0C4H5GG8M9MW3T,988,26
01GWZ7KFV84S0C4H5GG8M9MW3T,137,9
01GWZ7KFV8G2S6GZEAM3BB3N9P,866,100
01GWZ7KFV8G2S6GZEAM3BB3N9P,512,60
01GWZ7KFV9GCN3M3G7VGBRKXY4,197,77
01GWZ7KFV9GCN3M3G7VGBRKXY4,791,56
01GWZ7KFV9GCN3M3G7VGBRKXY4,176,29
01GWZ7KFVAFNQANKNAS3YKGMVD,496,79
01GWZ7KFVAFNQANKNAS3YKGMVD,794,49
01GWZ7KFVBDZSHQMQ7QPT625B8,90,11
01GWZ7KFVBDZSHQMQ7QPT625B8,245,52
01GWZ7KFVBDZSHQMQ7QPT625B8,92,28
01GWZ7KFVB0Y7FNZAZZ5CD8PHD,873,10
01GWZ7KFVB0Y7FNZAZZ5CD8PHD,630,62
01GWZ7KFVC0A3JHC5KQ0J7Z60K,361,37
01GWZ7KFVC0A3JHC5KQ0J7Z60K,169,37
01GWZ7KFVC0A3JHC5KQ0J7Z60K,462,46
01GWZ7KFVDJ31CKEXFS5B9F5JF,664,42
01GWZ7KFVDJ31CKEXFS5B9F5JF,652,17
01GWZ7KFVEDJ22JWEG7VF5YAA1,420,90
01GWZ7KFVEDJ22JWEG7VF5YAA1,246,92
01GWZ7KFVEDJ22JWEG7VF5YAA1,345,71
01GWZ7KFVFZK4XF1QFWW4VFG8R,48,82
01GWZ7KFVFZK4XF1QFWW4VFG8R,99,10
01GWZ7KFVH43J6QRJ89P1HMSS8,232,74
01GWZ7KFVH43J6QRJ89P1HMSS8,489,88
01GWZ7KFVH43J6QRJ89P1HMSS8,789,90
01GWZ7KFVJCHTB2XW0EB22B0Q1,841,73
01GWZ7KFVJCHTB2XW0EB22B0Q1,68,77
01GWZ7KFVKAACQRB8MQK0CCY9J,265,64
01GWZ7KFVKAACQRB8MQK0CCY9J,375,34
01GWZ7KFVKAACQRB8MQK0CCY9J,747,90
01GWZ7KFVK1326PR47YC9BS2F3,295,7
01GWZ7KFVK1326PR47YC9BS2F3,293,23
01GWZ7KFVM2ST0NPQ45E0ZR65N,481,98
01GWZ7KFVM2ST0NPQ45E0ZR65N,748,52
01GWZ7KFVM2ST0NPQ45E0ZR65N,930,74
01GWZ7KFVNYMRFAW9YAQ192KZZ,846,59
01GWZ7KFVNYMRFAW9YAQ192KZZ,166,47
01GWZ7KFVP0PYQSR9Z7HR8CK96,869,62
01GWZ7KFVP0PYQSR9Z7HR8CK96,324,75
01GWZ7KFVP0PYQSR9Z7HR8CK96,485,63
01GWZ7KFVPHN6QYB8QERC2R1JC,18,81
01GWZ7KFVPHN6QYB8QERC2R1JC,315,95
01GWZ7KFVQA3KSFV7PWE3GZ25W,84,69
01GWZ7KFVQA3KSFV7PWE3GZ25W,65,33
01GWZ7KFVQA3KSFV7PWE3GZ25W,676,80
01GWZ7KFVRE3XWF4STZWTS0FZ8,208,89
01GWZ7KFVRE3XWF4STZWTS0FZ8,710,57
01GWZ7KFVSYHQK36413W8XPT4N,9,60
01GWZ7KFVSYHQK36413W8XPT4N,943,3
01GWZ7KFVSYHQK36413W8XPT4N,701,27
01GWZ7KFVSRGBN7H469H98ZTB0,634,6
01GWZ7KFVSRGBN7H469H98ZTB0,655,66
01GWZ7KFVTXW7J0HJYSWNP3J3F,141,30
01GWZ7KFVTXW7J0HJYSWNP3J3F,53,32
01GWZ7KFVTXW7J0HJYSWNP3J3F,48,41
01GWZ7KFVVMZEKVNV8235JRYS0,678,21
01GWZ7KFVVMZEKVNV8235JRYS0,659,20
01GWZ7KFVWBKWGTXA3Z0V5EJME,561,22
01GWZ7KFVWBKWGTXA3Z0V5EJME,460,53
01GWZ7KFVWBKWGTXA3Z0V5EJME,681,89
01GWZ7KFVXTMF6D8EZTNR5KCWV,563,51
01GWZ7KFVXTMF6D8EZTNR5KCWV,986,93
01GWZ7KFVXGXET2Z0PMKJ6KJQ4,605,92
01GWZ7KFVXGXET2Z0PMKJ6KJQ4,202,43
01GWZ7KFVXGXET2Z0PMKJ6KJQ4,132,9
01GWZ7KFVZPESY6RB647WD3GF4,445,100
01GWZ7KFVZPESY6RB647WD3GF4,388,62
01GWZ7KFW0A3QK7RT328SFM8HC,236,76
01GWZ7KFW0A3QK7RT328SFM8HC,2,27
01GWZ7KFW0A3QK7RT328SFM8HC,869,67
01GWZ7KFW268GR8X730D5ANKE8,747,59
01GWZ7KFW268GR8X730D5ANKE8,845,87
01GWZ7KFW2QD5P4W94GEWVE4A3,375,92
01GWZ7KFW2QD5P4W94GEWVE4A3,985,11
01GWZ7KFW2QD5P4W94GEWVE4A3,989,1
01GWZ7KFW3CJFRQ1A1S519JM19,556,32
01GWZ7KFW3CJFRQ1A1S519JM19,766,82
01GWZ7KFW44E5WZTB7P5J9DET8,141,3
01GWZ7KFW44E5WZTB7P5J9DET8,876,91
01GWZ7KFW44E5WZTB7P5J9DET8,332,72
01GWZ7KFW4TQVFYMBZYR3G8K96,97,72
01GWZ7KFW4TQVFYMBZYR3G8K96,51,69
01GWZ7KFW5ZPWSYR0XXSCRX6EE,41,16
01GWZ7KFW5ZPWSYR0XXSCRX6EE,51,34
01GWZ7KFW5ZPWSYR0XXSCRX6EE,979,27
01GWZ7KFW65S36H2X1D8X6NVXD,116,34
01GWZ7KFW65S36H2X1D8X6NVXD,994,5
01GWZ7KFW7EDQBWBSC0SZ0RFDY,644,63
01GWZ7KFW7EDQBWBSC0SZ0RFDY,277,66
01GWZ7KFW7EDQBWBSC0SZ0RFDY,849,24
01GWZ7KFW7PAQPX24BEWGC309N,35,91
01GWZ7KFW7PAQPX24BEWGC309N,176,30
01GWZ7KFW8VF8K62DGQN4AR0NW,215,66
01GWZ7KFW8VF8K62DGQN4AR0NW,494,30
01GWZ7KFW8VF8K62DGQN4AR0NW,453,78
01GWZ7KFW9VAD7WG815410Y7PG,892,67
01GWZ7KFW9VAD7WG815410Y7PG,404,38
01GWZ7KFWA6ABSYQ0X0DD0C0MQ,646,80
01GWZ7KFWA6ABSYQ0X0DD0C0MQ,568,61
01GWZ7KFWA6ABSYQ0X0DD0C0MQ,941,65
01GWZ7KFWAW0MH45TT6QNSWZND,3,4
01GWZ7KFWAW0MH45TT6QNSWZND,544,8
01GWZ7KFWBAX0BJAP73Q560AM1,268,26
01GWZ7KFWBAX0BJAP73Q560AM1,194,12
01GWZ7KFWBAX0BJAP73Q560AM1,734,56
01GWZ7KFWC2Y67GS1X032Z8KBR,48,16
01GWZ7KFWC2Y67GS1X032Z8KBR,968,32
01GWZ7KFWDK1A6N8V5TPSJ221Z,269,76
01GWZ7KFWDK1A6N8V5TPSJ221Z,92,35
01GWZ7KFWDK1A6N8V5TPSJ221Z,823,69
01GWZ7KFWD51EYM62T8J16MWK9,991,10
01GWZ7KFWD51EYM62T8J16MWK9,104,39
01GWZ7KFWEQDERBXPNQ2YMAC17,132,44
01GWZ7KFWEQDERBXPNQ2YMAC17,792,63
01GWZ7KFWEQDERBXPNQ2YMAC17,28,49
01GWZ7KFWF1VRC6GDS50TDYY3D,428,87
01GWZ7KFWF1VRC6GDS50TDYY3D,622,95
01GWZ7KFWGZ2K16KVYHTRSG6RJ,449,12
01GWZ7KFWGZ2K16KVYHTRSG6RJ,904,84
01GWZ7KFWGZ2K16KVYHTRSG6RJ,702,99
01GWZ7KFWGSAT7BKQ682B60KT0,167,23
01GWZ7KFWGSAT7BKQ682B60KT0,75,51
01GWZ7KFWHJG1V35VXRBV21J20,549,96
01GWZ7KFWHJG1V35VXRBV21J20,597,91
01GWZ7KFWHJG1V35VXRBV21J20,984,74
01GWZ7KFWKS92A0W8SD875DVC9,988,93
01GWZ7KFWKS92A0W8SD875DVC9,936,31
01GWZ7KFWMN4M4JG84G2G27J4Y,208,25
01GWZ7KFWMN4M4JG84G2G27J4Y,880,21
01GWZ7KFWMN4M4JG84G2G27J4Y,998,27
01GWZ7KFWN3AS1PVH2A5P7NEM4,873,85
01GWZ7KFWN3AS1PVH2A5P7NEM4,238,65
01GWZ7KFWPXM4N0E6PFDDETQTD,475,52
01GWZ7KFWPXM4N0E6PFDDETQTD,263,26
01GWZ7KFWPXM4N0E6PFDDETQTD,898,68
01GWZ7KFWQ8Y2ZPPB0K3A0TRBT,946,1
01GWZ7KFWQ8Y2ZPPB0K3A0TRBT,823,64
01GWZ7KFWRF0F5S8EH5VHRD1EF,800,85
01GWZ7KFWRF0F5S8EH5VHRD1EF,902,81
01GWZ7KFWRF0F5S8EH5VHRD1EF,555,62
01GWZ7KFWRFKSQ5XP86P4VNDBV,297,93
01GWZ7KFWRFKSQ5XP86P4VNDBV,107,80
01GWZ7KFWSK4KKDMY7JREA0JRX,385,47
01GWZ7KFWSK4KKDMY7JREA0JRX,504,51
01GWZ7KFWSK4KKDMY7JREA0JRX,860,69
01GWZ7KFWTCH1WXGNBJCJM6VFY,840,64
01GWZ7KFWTCH1WXGNBJCJM6VFY,190,4
01GWZ7KFWVR7S8J17B9ADMMW82,350,35
01GWZ7KFWVR7S8J17B9ADMMW82,316,87
01GWZ7KFWVR7S8J17B9ADMMW82,766,42
01GWZ7KFWVZSKTRQNQXB7C7S4H,418,55
01GWZ7KFWVZSKTRQNQXB7C7S4H,102,23
01GWZ7KFWWCGDVAQ44BKBGY16D,734,15
01GWZ7KFWWCGDVAQ44BKBGY16D,360,10
01GWZ7KFWWCGDVAQ44BKBGY16D,929,42
01GWZ7KFWXA5B5AXM0965KZFAK,63,63
01GWZ7KFWXA5B5AXM0965KZFAK,513,93
01GWZ7KFWYMD90K5RRN0J4KWF2,631,31
01GWZ7KFWYMD90K5RRN0J4KWF2,244,56
01GWZ7KFWYMD90K5RRN0J4KWF2,938,1
01GWZ7KFWY4623EXKKDAE51YHK,576,57
01GWZ7KFWY4623EXKKDAE51YHK,198,36
01GWZ7KFWZEBPMCRTJVWMT7K7W,632,76
01GWZ7KFWZEBPMCRTJVWMT7K7W,707,76
01GWZ7KFWZEBPMCRTJVWMT7K7W,86,24
01GWZ7KFX02C0549Q458CMNQPS,486,34
01GWZ7KFX02C0549Q458CMNQPS,438,66
01GWZ7KFX15HX5JMM31QXCJ5TG,841,61
01GWZ7KFX15HX5JMM31QXCJ5TG,799,79
01GWZ7KFX15HX5JMM31QXCJ5TG,331,23
01GWZ7KFX23SNNKA3P56R9QFWB,232,8
01GWZ7KFX23SNNKA3P56R9QFWB,824,67
01GWZ7KFX3GEFD0SMY8R9JDF4M,46,20
01GWZ7KFX3GEFD0SMY8R9JDF4M,903,8
01GWZ7KFX3GEFD0SMY8R9JDF4M,986,5
01GWZ7KFX3EQ3X7838S4HXQJF8,537,47
01GWZ7KFX3EQ3X7838S4HXQJF8,766,32
01GWZ7KFX48ZEM3YD8JQJM7NSV,975,74
01GWZ7KFX48ZEM3YD8JQJM7NSV,796,96
01GWZ7KFX48ZEM3YD8JQJM7NSV,578,5
01GWZ7KFX51TZGAKAWEK38A6HK,119,73
01GWZ7KFX51TZGAKAWEK38A6HK,939,60
01GWZ7KFX63409J1QD6X86SPXW,918,82
01GWZ7KFX63409J1QD6X86SPXW,905,37
01GWZ7KFX63409J1QD6X86SPXW,66,17
01GWZ7KFX6ZTFFRESP0K8P2X7D,661,20
01GWZ7KFX6ZTFFRESP0K8P2X7D,26,13
01GWZ7KFX7PSYEFB19T18RYJJ0,204,10
01GWZ7KFX7PSYEFB19T18RYJJ0,558,22
01GWZ7KFX7PSYEFB19T18RYJJ0,809,11
01GWZ7KFX83Y88PN93Z80YSN4F,956,67
01GWZ7KFX83Y88PN93Z80YSN4F,192,51
01GWZ7KFX8Y8230175ZPCRPMXC,330,95
01GWZ7KFX8Y8230175ZPCRPMXC,611,37
01GWZ7KFX8Y8230175ZPCRPMXC,457,4
01GWZ7KFX93KZ8ZCN59D7MBEDC,734,86
01GWZ7KFX93KZ8ZCN59D7MBEDC,4,45
01GWZ7KFXAF4NTMWQT4GCRS849,184,95
01GWZ7KFXAF4NTMWQT4GCRS849,619,7
01GWZ7KFXAF4NTMWQT4GCRS849,718,72
01GWZ7KFXBMGBEVSAY0WCKCKRK,692,87
01GWZ7KFXBMGBEVSAY0WCKCKRK,305,21
01GWZ7KFXBBZQ161A16NRBWDWS,482,83
01GWZ7KFXBBZQ161A16NRBWDWS,383,39
01GWZ7KFXCHSKXCWWQEPDQ389H,41,66
01GWZ7KFXCHSKXCWWQEPDQ389H,24,29
01GWZ7KFXDS9VR57Z7WS4JB044,76,82
01GWZ7KFXDS9VR57Z7WS4JB044,822,84
01GWZ7KFXDS9VR57Z7WS4JB044,750,22
01GWZ7KFXDZA1CSTJP33XJEB14,71,1
01GWZ7KFXDZA1CSTJP33XJEB14,312,18
01GWZ7KFXEAGYM0D6XWGXP12Z7,146,73
01GWZ7KFXEAGYM0D6XWGXP12Z7,453,72
01GWZ7KFXEAGYM0D6XWGXP12Z7,54,3
01GWZ7KFXFVWS16DNR9YT0RD4H,936,80
01GWZ7KFXFVWS16DNR9YT0RD4H,979,57
01GWZ7KFXGSDDS655JPCHESYX8,11,100
01GWZ7KFXGSDDS655JPCHESYX8,30,87
01GWZ7KFXGSDDS655JPCHESYX8,649,61
01GWZ7KFXGTTNHS3J6AR7EB1ZW,591,16
01GWZ7KFXGTTNHS3J6AR7EB1ZW,896,46
01GWZ7KFXHT8TC2XAWKZ669Z97,518,33
01GWZ7KFXHT8TC2XAWKZ669Z97,768,60
01GWZ7KFXHT8TC2XAWKZ669Z97,656,19
01GWZ7KFXJB4NTRFWMTEDZWQQ9,247,70
01GWZ7KFXJB4NTRFWMTEDZWQQ9,218,66
01GWZ7KFXJ6J04SK53GZ9HY088,383,59
01GWZ7KFXJ6J04SK53GZ9HY088,599,39
01GWZ7KFXJ6J04SK53GZ9HY088,286,67
01GWZ7KFXKK3NWD8VW2E3M735D,603,39
01GWZ7KFXKK3NWD8VW2E3M735D,330,44
01GWZ7KFXMXQYSR2YGPM4BSDAS,661,35
01GWZ7KFXMXQYSR2YGPM4BSDAS,758,80
01GWZ7KFXMXQYSR2YGPM4BSDAS,312,11
01GWZ7KFXNS952DZ0QPF2DNP38,109,52
01GWZ7KFXNS952DZ0QPF2DNP38,953,33
01GWZ7KFXPKXXK8B1C631KY794,492,68
01GWZ7KFXPKXXK8B1C631KY794,561,90
01GWZ7KFXPKXXK8B1C631KY794,3,8
01GWZ7KFXPDRCDFAGMTHQJ8BVP,437,83
01GWZ7KFXPDRCDFAGMTHQJ8BVP,969,73
01GWZ7KFXQ6P8ET0HHFZGNKX8B,792,9
01GWZ7KFXQ6P8ET0HHFZGNKX8B,451,86
01GWZ7KFXQ6P8ET0HHFZGNKX8B,476,86
01GWZ7KFXRDBC9N7BKVCZXT2GY,6,94
01GWZ7KFXRDBC9N7BKVCZXT2GY,763,54
01GWZ7KFXS27H0JYZMAP5STT26,489,36
01GWZ7KFXS27H0JYZMAP5STT26,704,28
01GWZ7KFXS27H0JYZMAP5STT26,636,60
01GWZ7KFXS9E0R8YHCDAFDQ0NA,894,21
01GWZ7KFXS9E0R8YHCDAFDQ0NA,667,2
01GWZ7KFXTMZK9TVMQAEX87BAK,194,37
01GWZ7KFXTMZK9TVMQAEX87BAK,934,98
01GWZ7KFXTMZK9TVMQAEX87BAK,324,67
01GWZ7KFXVC56W5ND0TN3VH4XZ,485,38
01GWZ7KFXVC56W5ND0TN3VH4XZ,705,15
01GWZ7KFXW9V80A2GY8Z0W00RS,570,73
01GWZ7KFXW9V80A2GY8Z0W00RS,456,94
01GWZ7KFXW9V80A2GY8Z0W00RS,821,27
01GWZ7KFXWJ9A98BEJN6ZVFDXG,878,28
01GWZ7KFXWJ9A98BEJN6ZVFDXG,155,98
01GWZ7KFXXP3VSN6PD9X4KVHE8,453,12
01GWZ7KFXXP3VSN6PD9X4KVHE8,61,60
01GWZ7KFXXP3VSN6PD9X4KVHE8,151,64
01GWZ7KFXYAFFGRNCFXSMD1A4B,272,16
01GWZ7KFXYAFFGRNCFXSMD1A4B,134,34
01GWZ7KFXYDF67SMAP5WEHT8FN,59,70
01GWZ7KFXYDF67SMAP5WEHT8FN,240,19
01GWZ7KFXYDF67SMAP5WEHT8FN,97,99
01GWZ7KFXZ31Y5M6PN4ASBCE7D,109,4
01GWZ7KFXZ31Y5M6PN4ASBCE7D,769,8
01GWZ7KFY0JS402TK722CTPS5M,923,16
01GWZ7KFY0JS402TK722CTPS5M,932,87
01GWZ7KFY0JS402TK722CTPS5M,712,8
01GWZ7KFY14136T2EEVVQXS7GM,419,57
01GWZ7KFY14136T2EEVVQXS7GM,217,45
01GWZ7KFY1S5JP0GJYQWZX665N,318,81
01GWZ7KFY1S5JP0GJYQWZX665N,939,1
01GWZ7KFY1S5JP0GJYQWZX665N,194,100
01GWZ7KFY20ACJVP1GG7MGR24P,908,10
01GWZ7KFY20ACJVP1GG7MGR24P,164,93
01GWZ7KFY38WT8QC20TNNV6VMV,958,78
01GWZ7KFY38WT8QC20TNNV6VMV,99,9
01GWZ7KFY38WT8QC20TNNV6VMV,769,74
01GWZ7KFY4QJZHRQWMJDM10MRD,454,46
01GWZ7KFY4QJZHRQWMJDM10MRD,507,30
01GWZ7KFY4DWV42XNX6T6YYDE8,386,75
01GWZ7KFY4DWV42XNX6T6YYDE8,968,50
01GWZ7KFY4DWV42XNX6T6YYDE8,778,68
01GWZ7KFY5P99H2XG6FB8NH8HG,317,100
01GWZ7KFY5P99H2XG6FB8NH8HG,400,40
01GWZ7KFY669ZAMTJJ5D6RZF3M,408,37
01GWZ7KFY669ZAMTJJ5D6RZF3M,948,84
01GWZ7KFY669ZAMTJJ5D6RZF3M,165,37
01GWZ7KFY77XBXBZYRX11BMY9G,40,34
01GWZ7KFY77XBXBZYRX11BMY9G,786,99
01GWZ7KFY8GQSM430ZV13Z4E7F,88,7
01GWZ7KFY8GQSM430ZV13Z4E7F,988,75
01GWZ7KFY8GQSM430ZV13Z4E7F,677,21
01GWZ7KFY8FD1GFGGJWAE6PW6F,624,69
01GWZ7KFY8FD1GFGGJWAE6PW6F,213,4
01GWZ7KFY99SE7BAJ7FH54R30E,108,66
01GWZ7KFY99SE7BAJ7FH54R30E,230,1
01GWZ7KFY99SE7BAJ7FH54R30E,783,17
01GWZ7KFYAQ8B1G141YKNM913T,551,60
01GWZ7KFYAQ8B1G141YKNM913T,698,8
01GWZ7KFYBCGTP0E9WKGNZTRGF,588,79
01GWZ7KFYBCGTP0E9WKGNZTRGF,418,42
01GWZ7KFYBCGTP0E9WKGNZTRGF,739,90
01GWZ7KFYB7B28X2BEJXYW10FW,654,95
01GWZ7KFYB7B28X2BEJXYW10FW,218,52
01GWZ7KFYDW48F70P7M7MXP4B6,592,41
01GWZ7KFYDW48F70P7M7MXP4B6,890,88
01GWZ7KFYEXRB2921AXQDMSYFP,422,38
01GWZ7KFYEXRB2921AXQDMSYFP,889,38
01GWZ7KFYEXRB2921AXQDMSYFP,268,34
01GWZ7KFYG4CDRWNBRAS1DCC3S,415,24
01GWZ7KFYG4CDRWNBRAS1DCC3S,838,17
01GWZ7KFYHM79CTVYNVFBH4P9S,173,41
01GWZ7KFYHM79CTVYNVFBH4P9S,98,68
01GWZ7KFYHM79CTVYNVFBH4P9S,118,91
01GWZ7KFYKZ5XKR60SWFDKPK97,604,75
01GWZ7KFYKZ5XKR60SWFDKPK97,221,29
01GWZ7KFYKZ5XKR60SWFDKPK97,904,46
01GWZ7KFYKYH5JGN340C0RE6NE,199,96
01GWZ7KFYKYH5JGN340C0RE6NE,261,31
01GWZ7KFYMGY4CD209N81QN31R,167,82
01GWZ7KFYMGY4CD209N81QN31R,671,61
01GWZ7KFYMGY4CD209N81QN31R,482,24
01GWZ7KFYNF437KGYR9XCBGRTD,267,53
01GWZ7KFYNF437KGYR9XCBGRTD,652,22
01GWZ7KFYPTE6925GVSVXHFZP3,854,100
01GWZ7KFYPTE6925GVSVXHFZP3,915,53
01GWZ7KFYPTE6925GVSVXHFZP3,143,81
01GWZ7KFYP5NSSRXRKBDFR01K0,184,70
01GWZ7KFYP5NSSRXRKBDFR01K0,126,55
01GWZ7KFYQHWXH77H6QC1AVA0T,631,81
01GWZ7KFYQHWXH77H6QC1AVA0T,254,32
01GWZ7KFYQHWXH77H6QC1AVA0T,571,90
01GWZ7KFYR4YWGN0GXFZWBNXY8,519,11
01GWZ7KFYR4YWGN0GXFZWBNXY8,241,24
01GWZ7KFYSMDXQATSV694KXBEX,771,12
01GWZ7KFYSMDXQATSV694KXBEX,279,43
01GWZ7KFYSMDXQATSV694KXBEX,37,65
01GWZ7KFYTHKS3MRAZMSW8C6BD,662,71
01GWZ7KFYTHKS3MRAZMSW8C6BD,329,60
01GWZ7KFYV7X93K7PJ0YJKZSWD,651,76
01GWZ7KFYV7X93K7PJ0YJKZSWD,177,11
01GWZ7KFYV7X93K7PJ0YJKZSWD,610,77
01GWZ7KFYXPFB7ZWY037MP1RBN,189,6
01GWZ7KFYXPFB7ZWY037MP1RBN,820,37
01GWZ7KFYYDEXWQ9VPD4DF9K9A,602,60
01GWZ7KFYYDEXWQ9VPD4DF9K9A,509,47
01GWZ7KFYYDEXWQ9VPD4DF9K9A,291,4
01GWZ7KFYZXA7YAWENGPYQW6Y4,893,64
01GWZ7KFYZXA7YAWENGPYQW6Y4,905,54
01GWZ7KFZ01R5G2N154M5KFZ75,993,79
01GWZ7KFZ01R5G2N154M5KFZ75,335,96
01GWZ7KFZ01R5G2N154M5KFZ75,384,8
01GWZ7KFZ184RN4XTSBXTCDBXR,308,100
01GWZ7KFZ184RN4XTSBXTCDBXR,771,8
01GWZ7KFZ1EEGVM6T6GNA5R1ST,183,92
01GWZ7KFZ1EEGVM6T6GNA5R1ST,299,88
01GWZ7KFZ1EEGVM6T6GNA5R1ST,516,71
01GWZ7KFZ28D5Q5TQKC5V7QF5H,157,98
01GWZ7KFZ28D5Q5TQKC5V7QF5H,996,5
01GWZ7KFZ3FHE3BEACEYD0PAK5,640,27
01GWZ7KFZ3FHE3BEACEYD0PAK5,676,70
01GWZ7KFZ3FHE3BEACEYD0PAK5,548,31
01GWZ7KFZ4BFQS1K0KHHPK7VAS,945,32
01GWZ7KFZ4BFQS1K0KHHPK7VAS,214,87
01GWZ7KFZ4QYGCF4F78CM1MN2J,629,2
01GWZ7KFZ4QYGCF4F78CM1MN2J,764,48
01GWZ7KFZ4QYGCF4F78CM1MN2J,484,100
01GWZ7KFZ5T2EQV96H9HSPXMQ5,254,50
01GWZ7KFZ5T2EQV96H9HSPXMQ5,735,18
01GWZ7KFZ6CM88BGW1TSPN4SKB,113,39
01GWZ7KFZ6CM88BGW1TSPN4SKB,849,83
01GWZ7KFZ6CM88BGW1TSPN4SKB,40,40
01GWZ7KFZ7W4G54P2JF4E01372,303,58
01GWZ7KFZ7W4G54P2JF4E01372,708,31
01GWZ7KFZ7ZXCDZPJZXZ6DDHQH,37,41
01GWZ7KFZ7ZXCDZPJZXZ6DDHQH,540,88
01GWZ7KFZ7ZXCDZPJZXZ6DDHQH,394,15
01GWZ7KFZ87929FKEP8B4XF8R8,850,100
01GWZ7KFZ87929FKEP8B4XF8R8,85,57
01GWZ7KFZ9BZ77KXYCW9FKTEW0,573,72
01GWZ7KFZ9BZ77KXYCW9FKTEW0,473,24
01GWZ7KFZ9BZ77KXYCW9FKTEW0,610,26
01GWZ7KFZA1W98DP135YH7D2VZ,853,52
01GWZ7KFZA1W98DP135YH7D2VZ,680,62
01GWZ7KFZA3HXC8E9ZRDGTKB83,452,84
01GWZ7KFZA3HXC8E9ZRDGTKB83,544,16
01GWZ7KFZA3HXC8E9ZRDGTKB83,809,86
01GWZ7KFZB9N2D5T9WXWE498QV,157,27
01GWZ7KFZB9N2D5T9WXWE498QV,712,84
01GWZ7KFZC6VJMZF7TK30H7SK9,126,38
01GWZ7KFZC6VJMZF7TK30H7SK9,400,8
01GWZ7KFZC6VJMZF7TK30H7SK9,806,62
01GWZ7KFZDBCN38C51ZD14F5MD,495,85
01GWZ7KFZDBCN38C51ZD14F5MD,832,40
01GWZ7KFZDBCN38C51ZD14F5MD,492,46
01GWZ7KFZDVMXAG36YKTJAGARB,770,41
01GWZ7KFZDVMXAG36YKTJAGARB,312,91
01GWZ7KFZE5DAAD54VVQGHQPH2,145,39
01GWZ7KFZE5DAAD54VVQGHQPH2,531,73
01GWZ7KFZE5DAAD54VVQGHQPH2,54,45
01GWZ7KFZFX019GG7PQ79MATYB,802,86
01GWZ7KFZFX019GG7PQ79MATYB,793,42
01GWZ7KFZFX019GG7PQ79MATYB,143,16
01GWZ7KFZGSTHJ89KFNEV9VS2F,295,64
01GWZ7KFZGSTHJ89KFNEV9VS2F,656,16
01GWZ7KFZGQXRMG1GSTHCJZCMJ,636,97
01GWZ7KFZGQXRMG1GSTHCJZCMJ,14,47
01GWZ7KFZGQXRMG1GSTHCJZCMJ,437,23
01GWZ7KFZH7Z2M598CEAFXZVEH,603,63
01GWZ7KFZH7Z2M598CEAFXZVEH,524,98
01GWZ7KFZH7Z2M598CEAFXZVEH,738,17
01GWZ7KFZJP3CKYGTXDYX5ZHRS,457,8
01GWZ7KFZJP3CKYGTXDYX5ZHRS,45,26
01GWZ7KFZJQVYHX7NZX9CH4Q7A,428,17
01GWZ7KFZJQVYHX7NZX9CH4Q7A,587,52
01GWZ7KFZJQVYHX7NZX9CH4Q7A,855,44
01GWZ7KFZK6HAQBW8FTTGJTF14,665,60
01GWZ7KFZK6HAQBW8FTTGJTF14,530,95
01GWZ7KFZKW7HM1B00EW1GNX8R,259,42
01GWZ7KFZKW7HM1B00EW1GNX8R,869,28
01GWZ7KFZKW7HM1B00EW1GNX8R,343,98
01GWZ7KFZMPPD1BDYTP54QREK5,617,41
01GWZ7KFZMPPD1BDYTP54QREK5,790,48
01GWZ7KFZMPPD1BDYTP54QREK5,554,81
01GWZ7KFZNPCBE5D394WZWNY0A,811,6
01GWZ7KFZNPCBE5D394WZWNY0A,113,35
01GWZ7KFZN0XBS8G42JQRC4TNC,59,79
01GWZ7KFZN0XBS8G42JQRC4TNC,9,88
01GWZ7KFZN0XBS8G42JQRC4TNC,27,97
01GWZ7KFZPH2CG139K2HF068Z3,608,77
01GWZ7KFZPH2CG139K2HF068Z3,394,72
01GWZ7KFZPH2CG139K2HF068Z3,13,89
01GWZ7KFZQW89S1QB4G7Y30226,290,82
01GWZ7KFZQW89S1QB4G7Y30226,443,62
01GWZ7KFZQ0VCTM54XWSDXHEE9,924,67
01GWZ7KFZQ0VCTM54XWSDXHEE9,411,27
01GWZ7KFZQ0VCTM54XWSDXHEE9,184,43
01GWZ7KG0M5GATJMDDMXHRJMF8,166,1
01GWZ7KG0M5GATJMDDMXHRJMF8,56,25
01GWZ7KG0NCJTMSDZ03DHNBZC9,563,2
01GWZ7KG0NCJTMSDZ03DHNBZC9,389,100
01GWZ7KG0NCJTMSDZ03DHNBZC9,844,67
01GWZ7KG0QFP5K3NZYMBB0NBQT,261,47
01GWZ7KG0QFP5K3NZYMBB0NBQT,402,57
01GWZ7KG0R6A0GMXPSDD37FQQ4,54,97
01GWZ7KG0R6A0GMXPSDD37FQQ4,904,25
01GWZ7KG0R6A0GMXPSDD37FQQ4,931,15
01GWZ7KG0TBF78HZ1YV2PKJ00V,198,3
01GWZ7KG0TBF78HZ1YV2PKJ00V,670,2
01GWZ7KG0VCWF5EGT8G432DWV1,698,56
01GWZ7KG0VCWF5EGT8G432DWV1,574,46
01GWZ7KG0VCWF5EGT8G432DWV1,485,46
01GWZ7KG0X0Q9CZVEQVS312JNQ,906,53
01GWZ7KG0X0Q9CZVEQVS312JNQ,135,56
01GWZ7KG0YRN2BXW3AFSVJ605N,2,1
01GWZ7KG0YRN2BXW3AFSVJ605N,402,76
01GWZ7KG0YRN2BXW3AFSVJ605N,82,3
01GWZ7KG10XN4K2YE5Q5D05HQP,36,14
01GWZ7KG10XN4K2YE5Q5D05HQP,447,37
01GWZ7KG11RKA50F390AF15HYJ,337,22
01GWZ7KG11RKA50F390AF15HYJ,639,78
01GWZ7KG11RKA50F390AF15HYJ,724,49
01GWZ7KG13DF5E514TQXPPVNV7,846,98
01GWZ7KG13DF5E514TQXPPVNV7,228,20
01GWZ7KG142G75P0KR2MSMT5W6,717,81
01GWZ7KG142G75P0KR2MSMT5W6,144,14
01GWZ7KG142G75P0KR2MSMT5W6,968,30
01GWZ7KG15MPNYFBCK1FT9W7QM,161,80
01GWZ7KG15MPNYFBCK1FT9W7QM,561,5
01GWZ7KG17GXVKKS6GZ5PTMV38,596,37
01GWZ7KG17GXVKKS6GZ5PTMV38,22,51
01GWZ7KG17GXVKKS6GZ5PTMV38,793,69
01GWZ7KG18RJEKQ8ZKBZDZ85KG,381,54
01GWZ7KG18RJEKQ8ZKBZDZ85KG,556,75
01GWZ7KG19X5A39H0RC29AAH4X,596,51
01GWZ7KG19X5A39H0RC29AAH4X,619,18
01GWZ7KG19X5A39H0RC29AAH4X,957,87
01GWZ7KG1BEQQEJYTBEZBAHATF,785,81
01GWZ7KG1BEQQEJYTBEZBAHATF,99,8
01GWZ7KG1DZG0ZSR5RBTCZS6CY,540,96
01GWZ7KG1DZG0ZSR5RBTCZS6CY,198,21
01GWZ7KG1DZG0ZSR5RBTCZS6CY,209,19
01GWZ7KG1EYAP9Y1YS73ZD0Z8X,936,25
01GWZ7KG1EYAP9Y1YS73ZD0Z8X,525,37
01GWZ7KG1G7CBESXRWVGQ88XEH,656,16
01GWZ7KG1G7CBESXRWVGQ88XEH,473,68
01GWZ7KG1G7CBESXRWVGQ88XEH,855,30
01GWZ7KG1H3XSJW9RGXTBBN128,531,88
01GWZ7KG1H3XSJW9RGXTBBN128,507,34
01GWZ7KG1K0S84VS96GNQFJ2TG,979,66
01GWZ7KG1K0S84VS96GNQFJ2TG,78,17
01GWZ7KG1K0S84VS96GNQFJ2TG,435,85
